key,ru,en,tr,es,pt,de,fr
# Интерфейс,,,,,,,
game.title,"Зонк: Кости Фортуны","Zonk: Dice of Fortune","Zonk: Talih Zarları","Zonk: Dados de la Fortuna","Zonk: Dados da Fortuna","Zonk: Würfel des Glücks","Zonk : Les Dés de la Fortune"
boot.loading,"Загрузка…","Loading…","Yükleniyor…","Cargando…","Carregando…","Wird geladen…","Chargement…"
menu.campaign,"Кампания","Campaign","Hikâye","Campaña","Campanha","Kampagne","Campagne"
menu.hotseat,"Игра вдвоём","Two players","İki oyuncu","Dos jugadores","Dois jogadores","Zwei Spieler","Deux joueurs"
menu.shop,"Магазин","Shop","Mağaza","Tienda","Loja","Laden","Boutique"
menu.settings,"Настройки","Settings","Ayarlar","Ajustes","Configurações","Einstellungen","Réglages"
ui.coins,"Монеты: {0}","Coins: {0}","Altın: {0}","Monedas: {0}","Moedas: {0}","Münzen: {0}","Pièces : {0}"
ui.energy,"Энергия: {0}/{1}","Energy: {0}/{1}","Enerji: {0}/{1}","Energía: {0}/{1}","Energia: {0}/{1}","Energie: {0}/{1}","Énergie : {0}/{1}"
ui.back,"Назад","Back","Geri","Atrás","Voltar","Zurück","Retour"
ui.yes,"Да","Yes","Evet","Sí","Sim","Ja","Oui"
ui.no,"Нет","No","Hayır","No","Não","Nein","Non"
settings.soundOn,"Звук: вкл","Sound: on","Ses: açık","Sonido: sí","Som: ligado","Ton: an","Son : activé"
settings.soundOff,"Звук: выкл","Sound: off","Ses: kapalı","Sonido: no","Som: desligado","Ton: aus","Son : désactivé"
settings.musicOn,"Музыка: вкл","Music: on","Müzik: açık","Música: sí","Música: ligada","Musik: an","Musique : activée"
settings.musicOff,"Музыка: выкл","Music: off","Müzik: kapalı","Música: no","Música: desligada","Musik: aus","Musique : désactivée"
settings.speed,"Скорость анимаций: x{0}","Animation speed: x{0}","Animasyon hızı: x{0}","Velocidad de animación: x{0}","Velocidade das animações: x{0}","Animationstempo: x{0}","Vitesse des animations : x{0}"
settings.vibrationOn,"Вибрация: вкл","Vibration: on","Titreşim: açık","Vibración: sí","Vibração: ligada","Vibration: an","Vibration : activée"
settings.vibrationOff,"Вибрация: выкл","Vibration: off","Titreşim: kapalı","Vibración: no","Vibração: desligada","Vibration: aus","Vibration : désactivée"
hotseat.title,"Игра вдвоём на одном экране","Two players on one screen","Tek ekranda iki oyuncu","Dos jugadores en una pantalla","Dois jogadores em uma tela","Zwei Spieler an einem Bildschirm","Deux joueurs sur un écran"
hotseat.target,"Играем до {0} очков","Play to {0} points","{0} puana kadar","Jugamos hasta {0} puntos","Jogamos até {0} pontos","Gespielt wird bis {0} Punkte","On joue jusqu'à {0} points"
hotseat.first.random,"Первый ход: случайно","First turn: random","İlk tur: rastgele","Primer turno: al azar","Primeira jogada: aleatória","Erster Zug: zufällig","Premier tour : au hasard"
hotseat.first.playerone,"Первый ход: игрок 1","First turn: player 1","İlk tur: 1. oyuncu","Primer turno: jugador 1","Primeira jogada: jogador 1","Erster Zug: Spieler 1","Premier tour : joueur 1"
hotseat.first.alternate,"Первый ход: по очереди","First turn: alternate","İlk tur: sırayla","Primer turno: alternado","Primeira jogada: alternada","Erster Zug: abwechselnd","Premier tour : chacun son tour"
hotseat.specialOn,"Особые кости: можно","Special dice: allowed","Özel zarlar: serbest","Dados especiales: permitidos","Dados especiais: permitidos","Spezialwürfel: erlaubt","Dés spéciaux : autorisés"
hotseat.specialOff,"Особые кости: только обычные","Special dice: classic only","Özel zarlar: sadece klasik","Dados especiales: solo clásicos","Dados especiais: só clássicos","Spezialwürfel: nur klassische","Dés spéciaux : classiques seulement"
hotseat.player,"Игрок {0}","Player {0}","Oyuncu {0}","Jugador {0}","Jogador {0}","Spieler {0}","Joueur {0}"
hotseat.dice,"Кости (нажмите, чтобы сменить)","Dice (tap to change)","Zarlar (değiştirmek için dokun)","Dados (toca para cambiar)","Dados (toque para trocar)","Würfel (zum Wechseln tippen)","Dés (touchez pour changer)"
hotseat.skin,"Скин костей: {0}","Dice skin: {0}","Zar görünümü: {0}","Aspecto de dados: {0}","Visual dos dados: {0}","Würfeldesign: {0}","Apparence des dés : {0}"
hotseat.start,"Играть","Play","Oyna","Jugar","Jogar","Spielen","Jouer"
campaign.myDice,"Мои кости (нажмите, чтобы сменить)","My dice (tap to change)","Zarlarım (değiştirmek için dokun)","Mis dados (toca para cambiar)","Meus dados (toque para trocar)","Meine Würfel (zum Wechseln tippen)","Mes dés (touchez pour changer)"
campaign.empty,"Кампания пока пуста","The campaign is empty for now","Hikâye henüz boş","La campaña aún está vacía","A campanha ainda está vazia","Die Kampagne ist noch leer","La campagne est encore vide"
campaign.chapter,"Глава {0}. {1}","Chapter {0}. {1}","Bölüm {0}. {1}","Capítulo {0}. {1}","Capítulo {0}. {1}","Kapitel {0}. {1}","Chapitre {0}. {1}"
campaign.locked,"(закрыта)","(locked)","(kilitli)","(bloqueado)","(bloqueado)","(gesperrt)","(verrouillé)"
campaign.state.locked,"закрыт","locked","kilitli","bloqueado","bloqueado","gesperrt","verrouillé"
campaign.state.available,"можно играть","available","oynanabilir","disponible","disponível","verfügbar","disponible"
campaign.state.beaten,"побеждён","beaten","yenildi","vencido","derrotado","besiegt","vaincu"
campaign.pick,"Выберите соперника","Choose an opponent","Bir rakip seç","Elige un rival","Escolha um adversário","Wähle einen Gegner","Choisissez un adversaire"
campaign.rule,"Особое правило (для обоих):","Special rule (for both):","Özel kural (ikiniz için):","Regla especial (para ambos):","Regra especial (para ambos):","Sonderregel (für beide):","Règle spéciale (pour les deux) :"
campaign.target,"Играем до {0} очков","Play to {0} points","{0} puana kadar","Jugamos hasta {0} puntos","Jogamos até {0} pontos","Gespielt wird bis {0} Punkte","On joue jusqu'à {0} points"
campaign.play,"Играть","Play","Oyna","Jugar","Jogar","Spielen","Jouer"
campaign.playCost,"Играть (энергия: {0})","Play (energy: {0})","Oyna (enerji: {0})","Jugar (energía: {0})","Jogar (energia: {0})","Spielen (Energie: {0})","Jouer (énergie : {0})"
campaign.you,"Вы","You","Sen","Tú","Você","Du","Vous"
campaign.noEnergy,"Не хватает энергии","Not enough energy","Yeterli enerji yok","No hay suficiente energía","Energia insuficiente","Nicht genug Energie","Pas assez d'énergie"
campaign.energyForAd,"Энергии не хватает. Посмотреть рекламу и получить {0}?","Not enough energy. Watch an ad to get {0}?","Enerji yetmiyor. {0} almak için reklam izlensin mi?","No hay energía suficiente. ¿Ver un anuncio para obtener {0}?","Energia insuficiente. Assistir a um anúncio para ganhar {0}?","Nicht genug Energie. Werbung ansehen und {0} erhalten?","Pas assez d'énergie. Regarder une pub pour en obtenir {0} ?"
story.skip,"Пропустить","Skip","Geç","Saltar","Pular","Überspringen","Passer"
story.next,"Дальше","Next","İleri","Siguiente","Próximo","Weiter","Suivant"
shop.themes,"Наборы","Sets","Setler","Conjuntos","Conjuntos","Sets","Ensembles"
shop.equipped,"Надето","Equipped","Kullanılıyor","Equipado","Equipado","Ausgerüstet","Équipé"
shop.owned,"Есть","Owned","Sahipsin","Tuyo","Seu","Im Besitz","Possédé"
shop.forSale,"Можно получить","Available","Alınabilir","Disponible","Disponível","Erhältlich","Disponible"
shop.equip,"Надеть","Equip","Kullan","Equipar","Equipar","Ausrüsten","Équiper"
shop.fromProgress,"Выдаётся за прохождение кампании","Earned in the campaign","Hikâyede kazanılır","Se gana en la campaña","Ganho na campanha","Wird in der Kampagne verdient","Gagné dans la campagne"
shop.buyFor,"Купить за {0} {1}","Buy for {0} {1}","{0} {1} karşılığında al","Comprar por {0} {1}","Comprar por {0} {1}","Für {0} {1} kaufen","Acheter pour {0} {1}"
shop.watchAds,"Реклама: {0} из {1}","Ads: {0} of {1}","Reklam: {0}/{1}","Anuncios: {0} de {1}","Anúncios: {0} de {1}","Werbung: {0} von {1}","Pubs : {0} sur {1}"
shop.buyReal,"Купить","Buy","Satın al","Comprar","Comprar","Kaufen","Acheter"
shop.acquired,"Получено!","Unlocked!","Açıldı!","¡Desbloqueado!","Desbloqueado!","Freigeschaltet!","Débloqué !"
shop.notEnough,"Не хватает монет","Not enough coins","Yeterli altın yok","No hay suficientes monedas","Moedas insuficientes","Nicht genug Münzen","Pas assez de pièces"
shop.unavailable,"Сейчас недоступно","Not available right now","Şu an kullanılamıyor","No disponible ahora","Indisponível agora","Gerade nicht verfügbar","Indisponible pour le moment"
match.roll,"Бросить","Roll","At","Tirar","Rolar","Würfeln","Lancer"
match.bank,"Забрать","Bank","Kasaya koy","Plantarse","Guardar","Sichern","Encaisser"
match.continue,"Продолжить","Continue","Devam","Seguir","Continuar","Weiter","Continuer"
match.bankScore,"Забрать {0}","Bank {0}","{0} kasaya","Plantarse con {0}","Guardar {0}","{0} sichern","Encaisser {0}"
match.surrender,"Сдаться","Give up","Pes et","Rendirse","Desistir","Aufgeben","Abandonner"
match.phrases,"Фразы","Phrases","İfadeler","Frases","Frases","Sätze","Phrases"
match.target,"Цель: {0}","Goal: {0}","Hedef: {0}","Meta: {0}","Meta: {0}","Ziel: {0}","Objectif : {0}"
match.finalRound,"Последний круг!","Final round!","Son tur!","¡Última ronda!","Última rodada!","Letzte Runde!","Dernier tour !"
match.turnScore,"Очки хода: {0}","Turn points: {0}","Tur puanı: {0}","Puntos del turno: {0}","Pontos da jogada: {0}","Zugpunkte: {0}","Points du tour : {0}"
match.hintRoll,"{0}, ваш ход: бросайте или потрясите стакан сами!","{0}, your turn: roll, or shake the cup yourself!","{0}, sıra sende: at ya da kabı kendin salla!","{0}, tu turno: ¡tira o agita tú el cubilete!","{0}, sua vez: role ou sacuda o copo você mesmo!","{0}, du bist dran: würfle oder schüttle selbst den Becher!","{0}, à vous : lancez ou secouez vous-même le gobelet !"
match.hintRollMore,"В стакане костей: {0}. Бросайте или потрясите стакан сами!","Dice in the cup: {0}. Roll, or shake the cup yourself!","Kapta zar: {0}. At ya da kabı kendin salla!","Dados en el cubilete: {0}. ¡Tira o agítalo tú!","Dados no copo: {0}. Role ou sacuda o copo você mesmo!","Würfel im Becher: {0}. Würfle oder schüttle selbst!","Dés dans le gobelet : {0}. Lancez ou secouez-le vous-même !"
match.hintSelect,"Выберите кости с очками","Pick scoring dice","Puan veren zarları seç","Elige dados que puntúan","Escolha dados que pontuam","Wähle punktende Würfel","Choisissez les dés qui marquent"
match.hintInvalid,"Эти кости не дают очков вместе","These dice don't score together","Bu zarlar birlikte puan vermiyor","Estos dados no puntúan juntos","Esses dados não pontuam juntos","Diese Würfel punkten nicht zusammen","Ces dés ne marquent pas ensemble"
match.hintEntry,"+{0}, но для входа нужно {1} за ход","+{0}, but you need {1} in one turn to enter","+{0}, ama başlamak için bir turda {1} gerekir","+{0}, pero necesitas {1} en un turno para entrar","+{0}, mas você precisa de {1} em uma jogada para entrar","+{0}, aber zum Einstieg brauchst du {1} in einem Zug","+{0}, mais il faut {1} en un tour pour entrer"
match.hintSelection,"+{0} очков","+{0} points","+{0} puan","+{0} puntos","+{0} pontos","+{0} Punkte","+{0} points"
match.hintShake,"Трясите стакан и толкните его к столу!","Shake the cup and flick it toward the table!","Kabı salla ve masaya doğru savur!","¡Agita el cubilete y lánzalo hacia la mesa!","Sacuda o copo e empurre-o para a mesa!","Schüttle den Becher und stoß ihn zum Tisch!","Secouez le gobelet et poussez-le vers la table !"
match.zonk,"ЗОНК!","ZONK!","ZONK!","¡ZONK!","ZONK!","ZONK!","ZONK !"
match.penalty,"Штраф −{0}","Penalty −{0}","Ceza −{0}","Penalización −{0}","Penalidade −{0}","Strafe −{0}","Pénalité −{0}"
match.hotDice,"Горячие кости!","Hot dice!","Sıcak zarlar!","¡Dados calientes!","Dados quentes!","Heiße Würfel!","Dés brûlants !"
match.finalRoundStarted,"{0}: цель достигнута! Последний ход","{0} reached the goal! Last turn","{0} hedefe ulaştı! Son tur","¡{0} alcanzó la meta! Último turno","{0} atingiu a meta! Última jogada","{0} hat das Ziel erreicht! Letzter Zug","{0} a atteint l'objectif ! Dernier tour"
match.surrenderConfirm,"Сдаться и закончить партию?","Give up and end the match?","Pes edip oyunu bitirelim mi?","¿Rendirse y terminar la partida?","Desistir e encerrar a partida?","Aufgeben und die Partie beenden?","Abandonner et finir la partie ?"
results.line,"{0}: {1} очков · лучший ход {2} · зонков {3}","{0}: {1} points · best turn {2} · zonks {3}","{0}: {1} puan · en iyi tur {2} · zonk {3}","{0}: {1} puntos · mejor turno {2} · zonks {3}","{0}: {1} pontos · melhor jogada {2} · zonks {3}","{0}: {1} Punkte · bester Zug {2} · Zonks {3}","{0} : {1} points · meilleur tour {2} · zonks {3}"
results.menu,"В меню","Menu","Menü","Menú","Menu","Menü","Menu"
results.again,"Ещё раз","Play again","Tekrar oyna","Otra vez","Jogar de novo","Nochmal","Rejouer"
results.double,"Удвоить монеты за рекламу","Double coins for an ad","Reklamla altını ikiye katla","Duplica las monedas con un anuncio","Dobre as moedas com um anúncio","Münzen per Werbung verdoppeln","Doubler les pièces avec une pub"
results.unlocked,"Открыто: {0}","Unlocked: {0}","Açıldı: {0}","Desbloqueado: {0}","Desbloqueado: {0}","Freigeschaltet: {0}","Débloqué : {0}"
results.playerWon,"{0}: победа!","{0} wins!","{0} kazandı!","¡Gana {0}!","{0} venceu!","{0} gewinnt!","{0} gagne !"
results.won,"Победа!","Victory!","Zafer!","¡Victoria!","Vitória!","Sieg!","Victoire !"
results.lost,"Поражение","Defeat","Yenilgi","Derrota","Derrota","Niederlage","Défaite"
results.surrendered,"Вы сдались","You gave up","Pes ettin","Te rendiste","Você desistiu","Du hast aufgegeben","Vous avez abandonné"
# Подсказки экрана загрузки,,,,,,,
tip.1,"Единица — 100 очков, пятёрка — 50.","A one is worth 100 points, a five is worth 50.","Bir 100 puan, beş 50 puan eder.","Un uno vale 100 puntos y un cinco, 50.","Um vale 100 pontos e um cinco, 50.","Eine Eins bringt 100 Punkte, eine Fünf 50.","Un as vaut 100 points, un cinq en vaut 50."
tip.2,"Три одинаковые кости стоят номинал × 100, три единицы — 1000.","Three of a kind score the face × 100, three ones score 1000.","Üç aynı zar değer × 100 eder, üç bir 1000 eder.","Tres iguales valen cara × 100; tres unos, 1000.","Três iguais valem face × 100; três uns, 1000.","Drei Gleiche zählen Augenzahl × 100, drei Einsen 1000.","Trois identiques valent la face × 100, trois as 1000."
tip.3,"Отложили все шесть костей? Бросайте все снова — очки хода сохраняются.","Set aside all six dice? Roll them all again, your turn points stay.","Altı zarı da ayırdın mı? Hepsini yeniden at, tur puanın kalır.","¿Apartaste los seis dados? Tíralos todos de nuevo, tus puntos se mantienen.","Separou os seis dados? Role todos de novo, seus pontos continuam.","Alle sechs Würfel beiseitegelegt? Wirf alle erneut, deine Punkte bleiben.","Les six dés mis de côté ? Relancez-les tous, vos points restent."
tip.4,"Иногда выгоднее отложить одну единицу и бросить больше костей.","Sometimes it's better to keep just one die and roll more.","Bazen tek bir zar ayırıp daha çok zar atmak daha iyidir.","A veces conviene apartar un solo dado y tirar más.","Às vezes é melhor separar só um dado e rolar mais.","Manchmal lohnt es sich, nur einen Würfel zu behalten und mehr zu werfen.","Parfois, mieux vaut garder un seul dé et en relancer plus."
tip.5,"С двумя костями в руке Зонк очень вероятен. Подумайте, не забрать ли очки.","With two dice left a Zonk is very likely. Consider banking.","Elinde iki zar kaldıysa Zonk çok olası. Puanı kasaya koymayı düşün.","Con dos dados, un Zonk es muy probable. Piensa en plantarte.","Com dois dados, um Zonk é muito provável. Pense em guardar.","Mit zwei Würfeln ist ein Zonk sehr wahrscheinlich. Lieber sichern?","Avec deux dés, un Zonk est très probable. Pensez à encaisser."
tip.6,"Стрит 1–6 приносит 1500 очков.","A 1–6 straight scores 1500 points.","1–6 kent 1500 puan getirir.","Una escalera del 1 al 6 da 1500 puntos.","Uma sequência de 1 a 6 vale 1500 pontos.","Eine Straße 1–6 bringt 1500 Punkte.","Une suite 1–6 rapporte 1500 points."
tip.7,"Три пары — 750 очков.","Three pairs score 750.","Üç çift 750 puan eder.","Tres parejas valen 750.","Três pares valem 750.","Drei Paare bringen 750 Punkte.","Trois paires valent 750 points."
tip.8,"Особые кости выпадают по-своему, но не сильнее обычных: выбирайте стиль игры.","Special dice roll differently, not better: pick your play style.","Özel zarlar farklı gelir, daha güçlü değildir: tarzını seç.","Los dados especiales caen distinto, no mejor: elige tu estilo.","Dados especiais caem diferente, não melhor: escolha seu estilo.","Spezialwürfel fallen anders, nicht besser: wähle deinen Stil.","Les dés spéciaux tombent différemment, pas mieux : choisissez votre style."
tip.9,"Правило босса действует на обоих игроков. Используйте его сами!","A boss rule applies to both players. Use it yourself!","Patronun kuralı iki oyuncu için de geçerli. Sen de kullan!","La regla del jefe vale para ambos. ¡Úsala tú también!","A regra do chefe vale para os dois. Use-a também!","Die Bossregel gilt für beide. Nutze sie selbst!","La règle du boss s'applique aux deux. Profitez-en !"
tip.10,"За победу над боссом вы получаете его особую кость.","Beat a boss to win their special die.","Patronu yenince onun özel zarını kazanırsın.","Vence a un jefe para ganar su dado especial.","Vença um chefe para ganhar o dado especial dele.","Besiege einen Boss und erhalte seinen Spezialwürfel.","Battez un boss pour gagner son dé spécial."
tip.11,"Энергия восстанавливается сама со временем.","Energy refills by itself over time.","Enerji zamanla kendiliğinden dolar.","La energía se recarga sola con el tiempo.","A energia se recarrega sozinha com o tempo.","Energie füllt sich mit der Zeit von selbst auf.","L'énergie se recharge toute seule avec le temps."
tip.12,"Играть вдвоём на одном экране можно бесплатно и без энергии.","Two players on one screen is always free, no energy needed.","Tek ekranda iki kişilik oyun her zaman ücretsiz, enerji gerekmez.","Jugar a dos en una pantalla es gratis y sin energía.","Jogar a dois em uma tela é grátis e sem energia.","Zu zweit an einem Bildschirm spielen ist kostenlos und ohne Energie.","Jouer à deux sur un écran est gratuit et sans énergie."
# Валюты и режимы,,,,,,,
currency.coins,"монет","coins","altın","monedas","moedas","Münzen","pièces"
currency.energy,"энергии","energy","enerji","energía","energia","Energie","énergie"
mode.hotseat,"Игра вдвоём","Two players","İki oyuncu","Dos jugadores","Dois jogadores","Zwei Spieler","Deux joueurs"
mode.hotseat.desc,"Двое за одним экраном","Two players on one screen","Tek ekranda iki oyuncu","Dos jugadores en una pantalla","Dois jogadores em uma tela","Zwei Spieler an einem Bildschirm","Deux joueurs sur un écran"
mode.campaign,"Кампания","Campaign","Hikâye","Campaña","Campanha","Kampagne","Campagne"
mode.campaign.desc,"Путь к Фортуне","The road to Fortune","Talihe giden yol","El camino a la Fortuna","O caminho até a Fortuna","Der Weg zu Fortuna","La route vers la Fortune"
rules.classic,"Классический Зонк","Classic Zonk","Klasik Zonk","Zonk clásico","Zonk clássico","Klassisches Zonk","Zonk classique"
# Кости,,,,,,,
die.standard,"Обычная","Classic","Klasik","Clásico","Clássico","Klassisch","Classique"
die.lucky,"Счастливая","Lucky","Şanslı","De la suerte","Da sorte","Glückswürfel","Chanceux"
die.lucky.desc,"Чаще единица, реже пятёрка","More ones, fewer fives","Daha çok bir, daha az beş","Más unos, menos cincos","Mais uns, menos cincos","Mehr Einsen, weniger Fünfen","Plus d'as, moins de cinq"
die.even,"Чётная","Even","Çift","Par","Par","Gerade","Pair"
die.even.desc,"Чаще 2, 4 и 6","More 2, 4 and 6","Daha çok 2, 4 ve 6","Más 2, 4 y 6","Mais 2, 4 e 6","Mehr 2, 4 und 6","Plus de 2, 4 et 6"
die.odd,"Нечётная","Odd","Tek","Impar","Ímpar","Ungerade","Impair"
die.odd.desc,"Чаще 3, реже чётные","More threes, fewer evens","Daha çok üç, daha az çift","Más treses, menos pares","Mais três, menos pares","Mehr Dreien, weniger gerade","Plus de trois, moins de pairs"
die.sixes,"Шестёрочная","Sixer","Altılı","Del seis","Do seis","Sechserwürfel","Six"
die.sixes.desc,"Чаще шестёрка, реже единица","More sixes, fewer ones","Daha çok altı, daha az bir","Más seises, menos unos","Mais seis, menos uns","Mehr Sechsen, weniger Einsen","Plus de six, moins d'as"
die.fives,"Пятёрочная","Fiver","Beşli","Del cinco","Do cinco","Fünferwürfel","Cinq"
die.fives.desc,"Чаще пятёрка, реже единица","More fives, fewer ones","Daha çok beş, daha az bir","Más cincos, menos unos","Mais cincos, menos uns","Mehr Fünfen, weniger Einsen","Plus de cinq, moins d'as"
# Косметика,,,,,,,
slot.environment,"Место","Place","Mekân","Lugar","Local","Ort","Lieu"
slot.table,"Стол","Table","Masa","Mesa","Mesa","Tisch","Table"
slot.tray,"Сукно","Cloth","Çuha","Tapete","Feltro","Tuch","Tapis"
slot.cup,"Стакан","Cup","Zar kabı","Cubilete","Copo","Becher","Gobelet"
slot.dice_skin,"Вид костей","Dice skins","Zar görünümü","Aspecto de dados","Visual dos dados","Würfeldesign","Apparence des dés"
slot.lamp,"Лампа","Lamp","Lamba","Lámpara","Luminária","Lampe","Lampe"
item.env_home,"Родной дом","Home","Ev","Hogar","Lar","Zuhause","Maison"
item.env_tavern,"Таверна","Tavern","Meyhane","Taberna","Taverna","Taverne","Taverne"
item.env_beach,"Пляж","Beach","Plaj","Playa","Praia","Strand","Plage"
item.env_ship,"Пиратский корабль","Pirate ship","Korsan gemisi","Barco pirata","Navio pirata","Piratenschiff","Bateau pirate"
item.table_oak,"Дубовый стол","Oak table","Meşe masa","Mesa de roble","Mesa de carvalho","Eichentisch","Table en chêne"
item.table_dark,"Тёмный стол","Dark table","Koyu masa","Mesa oscura","Mesa escura","Dunkler Tisch","Table sombre"
item.table_marble,"Мраморный стол","Marble table","Mermer masa","Mesa de mármol","Mesa de mármore","Marmortisch","Table en marbre"
item.felt_green,"Зелёное сукно","Green cloth","Yeşil çuha","Tapete verde","Feltro verde","Grünes Tuch","Tapis vert"
item.felt_red,"Красное сукно","Red cloth","Kırmızı çuha","Tapete rojo","Feltro vermelho","Rotes Tuch","Tapis rouge"
item.felt_blue,"Синее сукно","Blue cloth","Mavi çuha","Tapete azul","Feltro azul","Blaues Tuch","Tapis bleu"
item.cup_leather,"Кожаный стакан","Leather cup","Deri kap","Cubilete de cuero","Copo de couro","Lederbecher","Gobelet en cuir"
item.cup_wood,"Деревянный стакан","Wooden cup","Ahşap kap","Cubilete de madera","Copo de madeira","Holzbecher","Gobelet en bois"
item.cup_gold,"Золотой стакан","Golden cup","Altın kap","Cubilete dorado","Copo dourado","Goldener Becher","Gobelet doré"
item.cup_barrel,"Бочонок","Barrel cup","Fıçı kap","Cubilete barril","Copo barril","Fassbecher","Gobelet tonneau"
item.cup_clay,"Глиняный стакан","Clay cup","Kil kap","Cubilete de barro","Copo de barro","Tonbecher","Gobelet en terre cuite"
item.cup_coconut,"Кокосовый стакан","Coconut cup","Hindistan cevizi kabı","Cubilete de coco","Copo de coco","Kokosbecher","Gobelet en noix de coco"
item.cup_stone,"Каменный стакан","Stone cup","Taş kap","Cubilete de piedra","Copo de pedra","Steinbecher","Gobelet en pierre"
item.cup_bone,"Костяной стакан","Bone cup","Kemik kap","Cubilete de hueso","Copo de osso","Knochenbecher","Gobelet en os"
item.cup_goblet,"Кубок","Goblet","Kadeh","Copa","Taça","Pokal","Calice"
item.cup_copper,"Медный стакан","Copper cup","Bakır kap","Cubilete de cobre","Copo de cobre","Kupferbecher","Gobelet en cuivre"
item.skin_ivory,"Слоновая кость","Ivory","Fildişi","Marfil","Marfim","Elfenbein","Ivoire"
item.skin_sapphire,"Сапфир","Sapphire","Safir","Zafiro","Safira","Saphir","Saphir"
item.skin_ruby,"Рубин","Ruby","Yakut","Rubí","Rubi","Rubin","Rubis"
item.skin_jade,"Нефрит","Jade","Yeşim","Jade","Jade","Jade","Jade"
item.skin_obsidian,"Обсидиан","Obsidian","Obsidyen","Obsidiana","Obsidiana","Obsidian","Obsidienne"
item.skin_gold,"Золото","Gold","Altın","Oro","Ouro","Gold","Or"
item.lamp_basic,"Абажур","Shade lamp","Abajur","Lámpara de pantalla","Luminária de cúpula","Schirmlampe","Lampe à abat-jour"
item.lamp_lantern,"Фонарь","Lantern","Fener","Farol","Lanterna","Laterne","Lanterne"
theme.pirate,"Набор «Пираты»","Pirate set","Korsan seti","Conjunto pirata","Conjunto pirata","Piraten-Set","Ensemble pirate"
hint.tavern,"Победите Одноглазого Бо","Beat One-Eyed Bo","Tek Gözlü Bo'yu yen","Vence a Bo el Tuerto","Vença o Bo Caolho","Besiege den einäugigen Bo","Battez Bo le Borgne"
# Фразы,,,,,,,
phrase.hi,"Привет!","Hi!","Selam!","¡Hola!","Olá!","Hallo!","Salut !"
phrase.luck,"Удачи!","Good luck!","Bol şans!","¡Suerte!","Boa sorte!","Viel Glück!","Bonne chance !"
phrase.wow,"Ого!","Wow!","Vay!","¡Guau!","Uau!","Wow!","Waouh !"
phrase.oops,"Упс…","Oops…","Hay aksi…","Ups…","Ops…","Hoppla…","Oups…"
phrase.lucky,"Повезло!","Lucky!","Şanslısın!","¡Qué suerte!","Que sorte!","Glück gehabt!","Quelle chance !"
phrase.gg,"Хорошая игра!","Good game!","İyi oyundu!","¡Buena partida!","Bom jogo!","Gutes Spiel!","Bien joué !"
# ИИ и реакции,,,,,,,
ai.novice,"Новичок","Novice","Acemi","Novato","Novato","Anfänger","Novice"
ai.cautious,"Осторожный","Cautious","Temkinli","Prudente","Cauteloso","Vorsichtig","Prudent"
ai.chaotic,"Азартный","Gambler","Kumarbaz","Apostador","Apostador","Zocker","Joueur"
ai.greedy,"Жадный","Greedy","Açgözlü","Codicioso","Ganancioso","Gierig","Gourmand"
ai.balanced,"Расчётливый","Calculating","Hesapçı","Calculador","Calculista","Berechnend","Calculateur"
ai.expert,"Мастер","Master","Usta","Maestro","Mestre","Meister","Maître"
reactions.friendly,"Дружелюбный","Friendly","Dost canlısı","Amistoso","Amigável","Freundlich","Amical"
reactions.grumpy,"Ворчливый","Grumpy","Huysuz","Gruñón","Rabugento","Mürrisch","Grincheux"
reactions.agafya,"Агафья","Agafya","Agafya","Agafia","Agáfia","Agafja","Agafia"
reactions.bo,"Бо","Bo","Bo","Bo","Bo","Bo","Bo"
line.friendly.start1,"Ну что, сыграем?","Well, shall we play?","Eee, oynayalım mı?","Bueno, ¿jugamos?","E aí, vamos jogar?","Na, spielen wir?","Alors, on joue ?"
line.friendly.start2,"Удачи тебе!","Good luck to you!","Sana bol şans!","¡Buena suerte!","Boa sorte pra você!","Viel Glück dir!","Bonne chance à toi !"
line.friendly.zonk1,"Эх, не повезло!","Oh, no luck!","Eh, şans yok!","¡Vaya, mala suerte!","Ah, que azar!","Ach, Pech!","Aïe, pas de chance !"
line.friendly.zonk2,"Ну вот…","Oh well…","İşte böyle…","En fin…","Pois é…","Na ja…","Bon…"
line.friendly.otherZonk,"Бывает, не расстраивайся!","It happens, don't worry!","Olur böyle, üzülme!","Pasa, ¡no te preocupes!","Acontece, não fique triste!","Passiert, nicht ärgern!","Ça arrive, t'en fais pas !"
line.friendly.bigBank,"Вот так-то!","How about that!","İşte böyle!","¡Así se hace!","Olha só!","Na bitte!","Et voilà !"
line.friendly.otherBigBank,"Ого, неплохо!","Wow, not bad!","Vay, fena değil!","¡Vaya, nada mal!","Uau, nada mal!","Wow, nicht schlecht!","Waouh, pas mal !"
line.friendly.won,"Хорошая была игра!","That was a good game!","Güzel bir oyundu!","¡Fue una buena partida!","Foi um bom jogo!","Das war ein gutes Spiel!","C'était une belle partie !"
line.friendly.lost,"Ловко играешь!","You play well!","İyi oynuyorsun!","¡Juegas bien!","Você joga bem!","Du spielst gut!","Tu joues bien !"
line.friendly.think,"Хм…","Hmm…","Hmm…","Mmm…","Hum…","Hm…","Hum…"
line.friendly.risky,"Рискну!","I'll risk it!","Riske giriyorum!","¡Me arriesgo!","Vou arriscar!","Ich riskier's!","Je tente !"
line.friendly.phrase,"И тебе того же!","Same to you!","Sana da!","¡Igualmente!","Pra você também!","Dir auch!","Toi aussi !"
line.grumpy.start,"Не трать моё время.","Don't waste my time.","Vaktimi harcama.","No me hagas perder el tiempo.","Não desperdice meu tempo.","Verschwende nicht meine Zeit.","Ne me fais pas perdre mon temps."
line.grumpy.zonk,"Проклятые кости!","Cursed dice!","Lanet zarlar!","¡Malditos dados!","Dados malditos!","Verfluchte Würfel!","Maudits dés !"
line.grumpy.otherZonk,"Ха!","Ha!","Ha!","¡Ja!","Rá!","Ha!","Ha !"
line.grumpy.bigBank,"Учись.","Watch and learn.","İzle ve öğren.","Mira y aprende.","Observe e aprenda.","Schau und lerne.","Regarde et apprends."
line.grumpy.otherBigBank,"Повезло…","Lucky…","Şanslısın…","Suertudo…","Sortudo…","Glückspilz…","Veinard…"
line.grumpy.won,"Так и знал.","Just as I thought.","Biliyordum.","Lo sabía.","Eu sabia.","Hab ich doch gewusst.","Je le savais."
line.grumpy.lost,"Это случайность!","That was a fluke!","Tesadüftü!","¡Fue suerte!","Foi sorte!","Reiner Zufall!","Un coup de chance !"
line.grumpy.phrase,"Меньше слов.","Less talking.","Az konuş.","Menos charla.","Menos conversa.","Weniger reden.","Moins de blabla."
line.agafya.start,"Посмотрим, чего стоит родная кровь Архипа.","Let's see what Arkhip's kin is worth.","Bakalım Arhip'in kanından olan neye değer.","Veamos cuánto vale la sangre de Arjip.","Vamos ver quanto vale o sangue de Arkhip.","Mal sehen, was Archips Blut taugt.","Voyons ce que vaut le sang d'Arkhip."
line.agafya.zonk,"Ох, руки уже не те…","Oh, my hands aren't what they were…","Ah, ellerim eskisi gibi değil…","Ay, mis manos ya no son lo que eran…","Ai, minhas mãos já não são as mesmas…","Ach, meine Hände sind nicht mehr, was sie waren…","Oh, mes mains ne sont plus ce qu'elles étaient…"
line.agafya.otherZonk,"Три подряд — и сундук мой!","Three in a row and the chest is mine!","Üst üste üç tane ve sandık benim!","¡Tres seguidos y el cofre es mío!","Três seguidos e o baú é meu!","Drei in Folge und die Truhe gehört mir!","Trois d'affilée et le coffre est à moi !"
line.agafya.won,"Архип играл лучше. Приходи ещё.","Arkhip played better. Come again.","Arhip daha iyi oynardı. Yine gel.","Arjip jugaba mejor. Vuelve otra vez.","Arkhip jogava melhor. Volte outra vez.","Archip spielte besser. Komm wieder.","Arkhip jouait mieux. Reviens."
line.agafya.lost,"Вылитый дед!","Just like your grandfather!","Tıpkı deden gibi!","¡Igualito a tu abuelo!","Igualzinho ao seu avô!","Ganz der Großvater!","Tout comme ton grand-père !"
line.bo.start,"Родня Архипа? Он должен мне три бочки рома!","Arkhip's kin? He owes me three barrels of rum!","Arhip'in akrabası mı? Bana üç fıçı rom borcu var!","¿Pariente de Arjip? ¡Me debe tres barriles de ron!","Parente de Arkhip? Ele me deve três barris de rum!","Archips Sippe? Er schuldet mir drei Fässer Rum!","De la famille d'Arkhip ? Il me doit trois tonneaux de rhum !"
line.bo.zonk,"Тысяча акул!","A thousand sharks!","Bin köpekbalığı!","¡Mil tiburones!","Mil tubarões!","Tausend Haie!","Mille requins !"
line.bo.otherZonk,"Море не прощает!","The sea doesn't forgive!","Deniz affetmez!","¡El mar no perdona!","O mar não perdoa!","Das Meer vergibt nicht!","La mer ne pardonne pas !"
line.bo.bigBank,"Тройка — дважды тройка!","Triples pay double!","Üçlüler çift sayar!","¡Los tríos pagan doble!","Trincas valem o dobro!","Drillinge zählen doppelt!","Les brelans comptent double !"
line.bo.won,"Долг растёт!","The debt grows!","Borç büyüyor!","¡La deuda crece!","A dívida cresce!","Die Schuld wächst!","La dette grossit !"
line.bo.lost,"Ладно… долг прощён.","Fine… the debt is forgiven.","Peki… borç affedildi.","Está bien… deuda perdonada.","Tudo bem… dívida perdoada.","Na gut… die Schuld ist erlassen.","Bon… la dette est effacée."
# Соперники,,,,,,,
opp.vitya,"Кузен Витя","Cousin Vitya","Kuzen Vitya","Primo Vitia","Primo Vítia","Cousin Witja","Cousin Vitia"
opp.vitya.title,"Верит в удачу","Believes in luck","Şansa inanır","Cree en la suerte","Acredita na sorte","Glaubt an das Glück","Croit en la chance"
opp.klava,"Тётя Клава","Aunt Klava","Klava Teyze","Tía Klava","Tia Klava","Tante Klawa","Tante Klava"
opp.klava.title,"Соседка с пирожками","The neighbour with pies","Börekçi komşu","La vecina de las empanadas","A vizinha dos pastéis","Die Nachbarin mit den Piroggen","La voisine aux tourtes"
opp.petrovich,"Сосед Петрович","Neighbour Petrovich","Komşu Petroviç","El vecino Petróvich","O vizinho Petróvitch","Nachbar Petrowitsch","Le voisin Petrovitch"
opp.petrovich.title,"Всё или ничего","All or nothing","Ya hep ya hiç","Todo o nada","Tudo ou nada","Alles oder nichts","Tout ou rien"
opp.semenych,"Почтальон Семёныч","Postman Semyonych","Postacı Semyoniç","El cartero Semiónych","O carteiro Semiónytch","Postbote Semjonytsch","Le facteur Semionytch"
opp.semenych.title,"Лишнего не рискует","Never takes needless risks","Gereksiz risk almaz","No arriesga de más","Não arrisca à toa","Geht kein unnötiges Risiko ein","Ne prend jamais de risque inutile"
opp.agafya,"Бабка Агафья","Granny Agafya","Agafya Nine","La abuela Agafia","A vovó Agáfia","Oma Agafja","Mémé Agafia"
opp.agafya.title,"Хранительница сундука","Keeper of the chest","Sandığın bekçisi","Guardiana del cofre","Guardiã do baú","Hüterin der Truhe","Gardienne du coffre"
opp.agafya.rule,"Три Зонка подряд: минус 500 очков.","Three Zonks in a row: minus 500 points.","Üst üste üç Zonk: eksi 500 puan.","Tres Zonks seguidos: menos 500 puntos.","Três Zonks seguidos: menos 500 pontos.","Drei Zonks in Folge: minus 500 Punkte.","Trois Zonks d'affilée : moins 500 points."
opp.lutik,"Бард Лютик","Lutik the Bard","Ozan Lutik","Lutik el bardo","Lutik, o bardo","Lutik der Barde","Lutik le barde"
opp.lutik.title,"Играет под настроение","Plays by mood","Keyfine göre oynar","Juega según su humor","Joga conforme o humor","Spielt nach Laune","Joue selon son humeur"
opp.gustav,"Трактирщик Густав","Gustav the Innkeeper","Hancı Gustav","Gustav el posadero","Gustav, o taverneiro","Wirt Gustav","Gustav l'aubergiste"
opp.gustav.title,"Считает каждую монету","Counts every coin","Her kuruşu sayar","Cuenta cada moneda","Conta cada moeda","Zählt jede Münze","Compte chaque pièce"
opp.irma,"Наёмница Ирма","Irma the Mercenary","Paralı asker İrma","Irma la mercenaria","Irma, a mercenária","Söldnerin Irma","Irma la mercenaire"
opp.irma.title,"Идёт ва-банк","Goes all in","Her şeyini ortaya koyar","Va con todo","Aposta tudo","Setzt alles auf eine Karte","Joue le tout pour le tout"
opp.zhora,"Шулер Жора","Zhora the Sharper","Hilebaz Jora","Zhora el tahúr","Jora, o trapaceiro","Falschspieler Schora","Jora le tricheur"
opp.zhora.title,"Честный, как ни странно","Honest, oddly enough","İşin garibi, dürüst","Honrado, aunque parezca raro","Honesto, por incrível que pareça","Seltsamerweise ehrlich","Honnête, bizarrement"
opp.bo,"Одноглазый Бо","One-Eyed Bo","Tek Gözlü Bo","Bo el Tuerto","Bo Caolho","Der einäugige Bo","Bo le Borgne"
opp.bo.title,"Хозяин таверны","Owner of the tavern","Meyhanenin sahibi","Dueño de la taberna","Dono da taverna","Wirt der Taverne","Patron de la taverne"
opp.bo.rule,"Три и больше одинаковых стоят вдвое.","Three or more of a kind score double.","Üç veya daha fazla aynı zar çift puan eder.","Tres o más iguales valen el doble.","Três ou mais iguais valem o dobro.","Drei oder mehr Gleiche zählen doppelt.","Trois dés identiques ou plus comptent double."
# Главы и сюжет,,,,,,,
chapter.home,"Родной дом","Home","Baba ocağı","El hogar","O lar","Zuhause","La maison"
chapter.tavern,"Таверна «Пьяный якорь»","The Drunken Anchor tavern","Sarhoş Çapa meyhanesi","Taberna El Ancla Ebria","Taverna Âncora Bêbada","Taverne Zum betrunkenen Anker","Taverne de l'Ancre Ivre"
story.narrator,"Рассказчик","Narrator","Anlatıcı","Narrador","Narrador","Erzähler","Narrateur"
story.letter,"Письмо деда","Grandfather's letter","Dedenin mektubu","La carta del abuelo","A carta do avô","Großvaters Brief","La lettre du grand-père"
story.agafya,"Бабка Агафья","Granny Agafya","Agafya Nine","La abuela Agafia","A vovó Agáfia","Oma Agafja","Mémé Agafia"
story.bo,"Одноглазый Бо","One-Eyed Bo","Tek Gözlü Bo","Bo el Tuerto","Bo Caolho","Der einäugige Bo","Bo le Borgne"
story.home.1,"Дед Архип всю жизнь играл в кости. Играл лучше всех, пока не сел за стол с самой Фортуной.","Grandpa Arkhip played dice all his life. He was the best, until he sat down at a table with Fortune herself.","Arhip Dede bütün ömrünce zar attı. Talih'in ta kendisiyle masaya oturana kadar en iyisiydi.","El abuelo Arjip jugó a los dados toda su vida. Era el mejor, hasta que se sentó a la mesa con la mismísima Fortuna.","O vovô Arkhip jogou dados a vida toda. Era o melhor, até se sentar à mesa com a própria Fortuna.","Opa Archip würfelte sein Leben lang. Er war der Beste, bis er sich mit Fortuna selbst an den Tisch setzte.","Grand-père Arkhip a joué aux dés toute sa vie. Il était le meilleur, jusqu'au jour où il s'est assis face à la Fortune elle-même."
story.home.2,"«Родная кровь! Я проиграл Фортуне душу. Отыграй её. Кости в мешочке. Начни с дома: тут меня все помнят.»","“My own blood! I lost my soul to Fortune. Win it back. The dice are in the pouch. Start at home: everyone remembers me there.”","“Canım kanım! Ruhumu Talih'e kaybettim. Onu geri kazan. Zarlar kesede. Evden başla: orada herkes beni hatırlar.”","«¡Sangre de mi sangre! Perdí mi alma ante la Fortuna. Recupérala. Los dados están en la bolsa. Empieza en casa: allí todos me recuerdan.»","“Sangue do meu sangue! Perdi minha alma para a Fortuna. Recupere-a. Os dados estão na bolsinha. Comece em casa: lá todos se lembram de mim.”","„Mein eigen Fleisch und Blut! Ich habe meine Seele an Fortuna verloren. Gewinn sie zurück. Die Würfel sind im Beutel. Fang zu Hause an: Dort kennt mich jeder.“","« Mon sang ! J'ai perdu mon âme contre la Fortune. Reprends-la. Les dés sont dans la bourse. Commence à la maison : là-bas, tout le monde se souvient de moi. »"
story.home.3,"Чтобы добраться до Фортуны, придётся обыграть всех, кто когда-то сидел с дедом за одним столом.","To reach Fortune, you'll have to beat everyone who ever sat at a table with your grandfather.","Talih'e ulaşmak için dedenle aynı masaya oturmuş herkesi yenmen gerekecek.","Para llegar a la Fortuna, tendrás que vencer a todos los que alguna vez se sentaron a la mesa con tu abuelo.","Para chegar à Fortuna, você terá de vencer todos que um dia se sentaram à mesa com seu avô.","Um Fortuna zu erreichen, musst du alle schlagen, die je mit deinem Großvater an einem Tisch saßen.","Pour atteindre la Fortune, il faudra battre tous ceux qui se sont assis un jour à la table de ton grand-père."
story.home.outro,"Архип бы тобой гордился. Держи его счастливую кость. Дальше тебе в таверну «Пьяный якорь»: там дед оставил больше всего долгов.","Arkhip would be proud of you. Take his lucky die. Next, go to the Drunken Anchor tavern: that's where he left the most debts.","Arhip seninle gurur duyardı. Al, bu onun şanslı zarı. Sırada Sarhoş Çapa meyhanesi var: deden en çok borcu orada bıraktı.","Arjip estaría orgulloso de ti. Toma su dado de la suerte. Ahora ve a la taberna El Ancla Ebria: allí dejó tu abuelo más deudas.","Arkhip teria orgulho de você. Pegue o dado da sorte dele. Agora vá à taverna Âncora Bêbada: foi lá que seu avô deixou mais dívidas.","Archip wäre stolz auf dich. Nimm seinen Glückswürfel. Weiter geht's zur Taverne Zum betrunkenen Anker: Dort hat dein Großvater die meisten Schulden gemacht.","Arkhip serait fier de toi. Prends son dé porte-bonheur. Direction la taverne de l'Ancre Ivre : c'est là que ton grand-père a laissé le plus de dettes."
story.tavern.1,"Таверна «Пьяный якорь». Здесь пахнет ромом, а кости стучат громче кружек.","The Drunken Anchor. It smells of rum, and the dice clatter louder than the mugs.","Sarhoş Çapa. Burası rom kokar, zarlar kupalardan daha yüksek sesle takırdar.","El Ancla Ebria. Huele a ron y los dados suenan más fuerte que las jarras.","A Âncora Bêbada. Cheira a rum, e os dados batem mais alto que as canecas.","Zum betrunkenen Anker. Es riecht nach Rum, und die Würfel klappern lauter als die Krüge.","L'Ancre Ivre. Ça sent le rhum, et les dés claquent plus fort que les chopes."
story.tavern.2,"Родня Архипа? Он мне до сих пор должен три бочки рома. Обыграешь моих гостей и меня — забудем.","Arkhip's kin? He still owes me three barrels of rum. Beat my guests and me, and we'll call it even.","Arhip'in akrabası mı? Bana hâlâ üç fıçı rom borçlu. Misafirlerimi ve beni yen, ödeşelim.","¿Pariente de Arjip? Todavía me debe tres barriles de ron. Vence a mis clientes y a mí, y estaremos en paz.","Parente de Arkhip? Ele ainda me deve três barris de rum. Vença meus clientes e a mim, e ficamos quites.","Archips Sippe? Er schuldet mir noch drei Fässer Rum. Schlag meine Gäste und mich, dann sind wir quitt.","De la famille d'Arkhip ? Il me doit encore trois tonneaux de rhum. Bats mes clients et moi, et on sera quittes."
story.tavern.outro,"Ладно, долг прощён. Фортуна ждёт у моря, но сначала пройди пляж.","Fine, the debt is forgiven. Fortune waits by the sea, but first cross the beach.","Peki, borç affedildi. Talih deniz kenarında bekliyor, ama önce plajı geç.","Está bien, deuda perdonada. La Fortuna espera junto al mar, pero antes cruza la playa.","Tudo bem, dívida perdoada. A Fortuna espera junto ao mar, mas antes atravesse a praia.","Na gut, die Schuld ist erlassen. Fortuna wartet am Meer, doch erst musst du über den Strand.","Bon, la dette est effacée. La Fortune t'attend au bord de la mer, mais traverse d'abord la plage."
# Книга правил,,,,,,,
menu.rules,"Правила","Rules","Kurallar","Reglas","Regras","Regeln","Règles"
rules.title,"Правила игры","How to play","Nasıl oynanır","Cómo jugar","Como jogar","Spielregeln","Règles du jeu"
rules.combos,"Комбинации","Combinations","Kombinasyonlar","Combinaciones","Combinações","Kombinationen","Combinaisons"
rules.points,"{0}","{0}","{0}","{0}","{0}","{0}","{0}"
rules.pageCounter,"{0} / {1}","{0} / {1}","{0} / {1}","{0} / {1}","{0} / {1}","{0} / {1}","{0} / {1}"
rules.prev,"Назад","Back","Geri","Atrás","Voltar","Zurück","Retour"
rules.next,"Далее","Next","İleri","Siguiente","Próximo","Weiter","Suivant"
combo.one,"Единица","One","Bir","Uno","Um","Eins","As"
combo.five,"Пятёрка","Five","Beş","Cinco","Cinco","Fünf","Cinq"
combo.threeOnes,"Три единицы","Three ones","Üç bir","Tres unos","Três uns","Drei Einsen","Trois as"
combo.threeTwos,"Три двойки","Three twos","Üç iki","Tres doses","Três dois","Drei Zweien","Trois deux"
combo.threeThrees,"Три тройки","Three threes","Üç üç","Tres treses","Três três","Drei Dreien","Trois trois"
combo.threeFours,"Три четвёрки","Three fours","Üç dört","Tres cuatros","Três quatros","Drei Vieren","Trois quatre"
combo.threeFives,"Три пятёрки","Three fives","Üç beş","Tres cincos","Três cincos","Drei Fünfen","Trois cinq"
combo.threeSixes,"Три шестёрки","Three sixes","Üç altı","Tres seises","Três seis","Drei Sechsen","Trois six"
combo.fourKind,"Четыре одинаковых (тройка ×2)","Four of a kind (triple ×2)","Dört aynı (üçlü ×2)","Cuatro iguales (trío ×2)","Quatro iguais (trinca ×2)","Vier Gleiche (Drilling ×2)","Carré (brelan ×2)"
combo.fiveKind,"Пять одинаковых (тройка ×4)","Five of a kind (triple ×4)","Beş aynı (üçlü ×4)","Cinco iguales (trío ×4)","Cinco iguais (trinca ×4)","Fünf Gleiche (Drilling ×4)","Cinq identiques (brelan ×4)"
combo.sixKind,"Шесть одинаковых (тройка ×8)","Six of a kind (triple ×8)","Altı aynı (üçlü ×8)","Seis iguales (trío ×8)","Seis iguais (trinca ×8)","Sechs Gleiche (Drilling ×8)","Six identiques (brelan ×8)"
combo.straight,"Стрит 1–6","Straight 1–6","Kent 1–6","Escalera 1–6","Sequência 1–6","Straße 1–6","Suite 1–6"
combo.straightLow,"Стрит 1–5","Straight 1–5","Kent 1–5","Escalera 1–5","Sequência 1–5","Straße 1–5","Suite 1–5"
combo.straightHigh,"Стрит 2–6","Straight 2–6","Kent 2–6","Escalera 2–6","Sequência 2–6","Straße 2–6","Suite 2–6"
combo.threePairs,"Три пары","Three pairs","Üç çift","Tres parejas","Três pares","Drei Paare","Trois paires"
feel.fourKind,"Четыре одинаковых!","Four of a kind!","Dörtlü!","¡Cuatro iguales!","Quatro iguais!","Vierling!","Carré !"
feel.fiveKind,"Пять одинаковых!","Five of a kind!","Beşli!","¡Cinco iguales!","Cinco iguais!","Fünfling!","Cinq identiques !"
feel.sixKind,"Шесть одинаковых!","Six of a kind!","Altılı!","¡Seis iguales!","Seis iguais!","Sechsling!","Six identiques !"
rules.p1.title,"Цель игры","The goal","Oyunun amacı","El objetivo","O objetivo","Das Ziel","Le but"
rules.p1.text,"Бросайте кости, собирайте комбинации и копите очки. Побеждает тот, кто первым наберёт цель: обычно 4000 очков. В игре вдвоём цель можно выбрать от 1000 до 10000.","Roll the dice, make combinations and collect points. The first to reach the goal wins: usually 4000 points. In a two-player game you can pick a goal from 1000 to 10000.","Zarları at, kombinasyonlar yap ve puan topla. Hedefe ilk ulaşan kazanır: genelde 4000 puan. İki kişilik oyunda hedef 1000 ile 10000 arasında seçilebilir.","Tira los dados, forma combinaciones y suma puntos. Gana quien llegue primero a la meta: normalmente 4000 puntos. En el modo de dos jugadores puedes elegir una meta de 1000 a 10000.","Role os dados, forme combinações e junte pontos. Vence quem chegar primeiro à meta: normalmente 4000 pontos. No modo de dois jogadores, dá para escolher uma meta de 1000 a 10000.","Würfle, bilde Kombinationen und sammle Punkte. Wer zuerst das Ziel erreicht, gewinnt: meist 4000 Punkte. Zu zweit kannst du ein Ziel von 1000 bis 10000 wählen.","Lancez les dés, formez des combinaisons et marquez des points. Le premier à atteindre l'objectif gagne : en général 4000 points. À deux, l'objectif se choisit de 1000 à 10000."
rules.p2.title,"Ваш ход","Your turn","Senin turun","Tu turno","Sua vez","Dein Zug","Votre tour"
rules.p2.text,"Бросьте шесть костей и отложите хотя бы одну кость, которая даёт очки. Откладывать можно сколько угодно очковых костей. Потом решите: бросить оставшиеся кости или забрать очки хода.","Roll six dice and set aside at least one scoring die. You may set aside as many scoring dice as you like. Then decide: roll the remaining dice or bank your turn points.","Altı zar at ve puan veren en az bir zarı ayır. İstediğin kadar puanlı zar ayırabilirsin. Sonra karar ver: kalan zarları at ya da tur puanını kasaya koy.","Tira seis dados y aparta al menos un dado que puntúe. Puedes apartar todos los dados que puntúen que quieras. Luego decide: tirar los que quedan o plantarte con los puntos del turno.","Role seis dados e separe pelo menos um dado que pontue. Você pode separar quantos dados pontuáveis quiser. Depois decida: rolar os que sobraram ou guardar os pontos da jogada.","Wirf sechs Würfel und lege mindestens einen punktenden Würfel beiseite. Du darfst beliebig viele punktende Würfel beiseitelegen. Dann entscheide: die übrigen Würfel werfen oder die Zugpunkte sichern.","Lancez six dés et mettez de côté au moins un dé qui marque. Vous pouvez en garder autant que vous voulez. Ensuite, choisissez : relancer les dés restants ou encaisser les points du tour."
rules.p3.title,"Зонк","Zonk","Zonk","Zonk","Zonk","Zonk","Zonk"
rules.p3.text,"Если в броске нет ни одной очковой кости, это Зонк. Все очки этого хода сгорают, и ход переходит сопернику. Чем меньше костей вы бросаете, тем выше риск.","If a roll has no scoring dice, that's a Zonk. All points of the turn are lost and the turn passes to your opponent. The fewer dice you roll, the higher the risk.","Atışta hiç puanlı zar yoksa bu bir Zonk'tur. Turdaki tüm puanlar yanar ve sıra rakibe geçer. Ne kadar az zar atarsan risk o kadar büyük.","Si en una tirada no hay ningún dado que puntúe, es un Zonk. Pierdes todos los puntos del turno y le toca al rival. Cuantos menos dados tiras, mayor es el riesgo.","Se na rolagem não houver nenhum dado que pontue, é um Zonk. Todos os pontos da jogada se perdem e a vez passa ao adversário. Quanto menos dados você rola, maior o risco.","Punktet in einem Wurf kein einziger Würfel, ist das ein Zonk. Alle Punkte des Zuges verfallen, und der Gegner ist dran. Je weniger Würfel du wirfst, desto größer das Risiko.","Si un lancer ne contient aucun dé qui marque, c'est un Zonk. Tous les points du tour sont perdus et la main passe à l'adversaire. Moins vous lancez de dés, plus le risque est grand."
rules.p4.title,"Горячие кости","Hot dice","Sıcak zarlar","Dados calientes","Dados quentes","Heiße Würfel","Dés brûlants"
rules.p4.text,"Отложили все шесть костей? Бросайте все шесть заново, а очки хода копятся дальше. Так можно набрать очень много за один ход, если вовремя остановиться.","Set aside all six dice? Roll all six again, and your turn points keep adding up. That's how you score big in one turn, if you know when to stop.","Altı zarın hepsini ayırdın mı? Altısını da yeniden at, tur puanın birikmeye devam eder. Zamanında durmayı bilirsen tek turda çok puan toplarsın.","¿Apartaste los seis dados? Vuelve a tirar los seis y los puntos del turno siguen sumando. Así se consiguen grandes turnos, si sabes cuándo parar.","Separou os seis dados? Role os seis de novo, e os pontos da jogada continuam somando. É assim que se faz muitos pontos numa vez, se você souber a hora de parar.","Alle sechs Würfel beiseitegelegt? Wirf alle sechs erneut, und die Zugpunkte zählen weiter. So holst du viel in einem Zug, wenn du rechtzeitig aufhörst.","Les six dés sont de côté ? Relancez-les tous, les points du tour continuent de s'additionner. C'est ainsi qu'on marque gros en un tour, si l'on sait s'arrêter."
rules.p5.title,"Как считаются очки","How scoring works","Puan nasıl sayılır","Cómo se puntúa","Como se pontua","So wird gezählt","Comment compter"
rules.p5.text,"Комбинация собирается только из костей одного броска: единицу из прошлого броска нельзя добавить к новым. Каждая отложенная кость должна входить в комбинацию. Если кости складываются по-разному, засчитывается самый дорогой вариант.","A combination only counts dice from one roll: a one from an earlier roll can't join the new ones. Every die you set aside must be part of a combination. If the dice can be counted in different ways, the best one is used.","Kombinasyon yalnızca aynı atıştaki zarlardan oluşur: önceki atıştaki bir, yenilere eklenemez. Ayırdığın her zar bir kombinasyona girmeli. Zarlar farklı şekillerde sayılabiliyorsa en yüksek puanlısı geçerlidir.","Una combinación solo cuenta dados de una misma tirada: un uno de la tirada anterior no se suma a los nuevos. Cada dado apartado debe formar parte de una combinación. Si los dados se pueden contar de varias formas, se usa la mejor.","Uma combinação só vale com dados da mesma rolagem: um um da rolagem anterior não se junta aos novos. Todo dado separado precisa fazer parte de uma combinação. Se os dados puderem ser contados de jeitos diferentes, vale o melhor.","Eine Kombination zählt nur Würfel aus einem Wurf: Eine Eins aus einem früheren Wurf passt nicht zu den neuen. Jeder beiseitegelegte Würfel muss zu einer Kombination gehören. Lassen sich die Würfel unterschiedlich zählen, gilt die beste Variante.","Une combinaison ne compte que les dés d'un même lancer : un as d'un lancer précédent ne s'ajoute pas aux nouveaux. Chaque dé mis de côté doit faire partie d'une combinaison. Si les dés peuvent se compter de plusieurs façons, la meilleure est retenue."
rules.p6.title,"Последний круг","The final round","Son tur","La última ronda","A última rodada","Die letzte Runde","Le dernier tour"
rules.p6.text,"Когда игрок забирает очки и доходит до цели, остальные делают по одному последнему ходу. Побеждает тот, у кого в итоге больше очков. Отстающему терять нечего, так что рискуйте!","When a player banks and reaches the goal, everyone else gets one last turn. Whoever ends with the most points wins. If you're behind, you have nothing to lose, so take the risk!","Bir oyuncu puanı kasaya koyup hedefe ulaşınca diğerleri birer son tur oynar. Sonunda en çok puanı olan kazanır. Gerideysen kaybedecek bir şeyin yok, risk al!","Cuando un jugador se planta y llega a la meta, los demás juegan un último turno. Gana quien termine con más puntos. Si vas por detrás, no tienes nada que perder: ¡arriésgate!","Quando um jogador guarda os pontos e atinge a meta, os outros fazem uma última jogada. Vence quem terminar com mais pontos. Se você está atrás, não tem nada a perder: arrisque!","Sichert ein Spieler und erreicht das Ziel, bekommen alle anderen noch einen letzten Zug. Wer am Ende die meisten Punkte hat, gewinnt. Liegst du hinten, hast du nichts zu verlieren: Riskier es!","Quand un joueur encaisse et atteint l'objectif, les autres jouent un dernier tour. Celui qui finit avec le plus de points gagne. Si vous êtes derrière, vous n'avez rien à perdre : tentez le coup !"
rules.p7.title,"Особые кости и боссы","Special dice and bosses","Özel zarlar ve patronlar","Dados especiales y jefes","Dados especiais e chefes","Spezialwürfel und Bosse","Dés spéciaux et boss"
rules.p7.text,"Особые кости выпадают по-своему: например, чаще единица, но реже пятёрка. Сильнее обычных они не становятся, это другой стиль игры. Правило босса действует на обоих игроков, и его видно до начала партии.","Special dice roll their own way: for example, more ones but fewer fives. They aren't stronger than classic dice, just a different play style. A boss rule applies to both players, and you see it before the match starts.","Özel zarlar kendine göre gelir: örneğin daha çok bir ama daha az beş. Klasik zarlardan güçlü değiller, sadece farklı bir oyun tarzı. Patronun kuralı iki oyuncu için de geçerlidir ve oyun başlamadan görünür.","Los dados especiales caen a su manera: por ejemplo, más unos pero menos cincos. No son más fuertes que los clásicos, solo otro estilo de juego. La regla del jefe vale para ambos jugadores y se ve antes de empezar.","Os dados especiais caem do seu jeito: por exemplo, mais uns e menos cincos. Não são mais fortes que os clássicos, só outro estilo de jogo. A regra do chefe vale para os dois jogadores e aparece antes da partida.","Spezialwürfel fallen auf ihre eigene Art: zum Beispiel mehr Einsen, aber weniger Fünfen. Stärker als klassische Würfel sind sie nicht, nur ein anderer Spielstil. Die Bossregel gilt für beide Spieler und wird vor der Partie angezeigt.","Les dés spéciaux tombent à leur façon : par exemple plus d'as mais moins de cinq. Ils ne sont pas plus forts que les dés classiques, juste un autre style de jeu. La règle du boss s'applique aux deux joueurs et s'affiche avant la partie."
# Стили броска,,,,,,,
slot.roll_style,"Бросок","Throw","Atış","Tirada","Arremesso","Wurf","Lancer"
item.roll_classic,"Классический","Classic","Klasik","Clásico","Clássico","Klassisch","Classique"
item.roll_calm,"Аккуратный","Gentle","Nazik","Suave","Suave","Sanft","Délicat"
item.roll_quick,"Быстрый","Quick","Hızlı","Rápido","Rápido","Schnell","Rapide"
item.roll_wild,"Лихой","Wild","Çılgın","Salvaje","Selvagem","Wild","Déchaîné"
item.roll_showman,"Шоумен","Showman","Şovmen","Showman","Showman","Showman","Showman"
item.roll_granny,"Бабушкин","Granny's","Nine usulü","De la abuela","Da vovó","Omas Art","De mémé"
item.roll_pirate,"Пиратский","Pirate's","Korsan usulü","Pirata","Pirata","Piratenart","Pirate"
hint.granny,"Победите Бабку Агафью","Beat Granny Agafya","Agafya Nine'yi yen","Vence a la abuela Agafia","Vença a vovó Agáfia","Besiege Oma Agafja","Battez Mémé Agafia"
hint.pirate,"Победите Одноглазого Бо","Beat One-Eyed Bo","Tek Gözlü Bo'yu yen","Vence a Bo el Tuerto","Vença o Bo Caolho","Besiege den einäugigen Bo","Battez Bo le Borgne"
shop.select,"Отметить","Select","Seç","Marcar","Marcar","Auswählen","Cocher"
shop.selected,"Отмечено","Selected","Seçili","Marcado","Marcado","Ausgewählt","Coché"
shop.deselect,"Снять отметку","Deselect","Seçimi kaldır","Desmarcar","Desmarcar","Abwählen","Décocher"
shop.multiHint,"Можно отметить несколько: на каждый бросок выбирается случайный.","You can select several: each throw picks one at random.","Birkaç tane seçebilirsin: her atışta rastgele biri kullanılır.","Puedes marcar varios: cada tirada elige uno al azar.","Você pode marcar vários: cada arremesso escolhe um ao acaso.","Du kannst mehrere wählen: Jeder Wurf nimmt zufällig einen.","Vous pouvez en cocher plusieurs : chaque lancer en choisit un au hasard."
# Реплики на крупные очки игрока,,,,,,,
line.grumpy.otherBig,"Да как так?!","How?!","Nasıl yani?!","¡¿Cómo?!","Como assim?!","Wie bitte?!","Comment ça ?!"
line.agafya.otherBig,"Ишь ты, прыть какая!","Well, aren't you quick!","Vay, ne çevik!","¡Vaya, qué rapidez!","Olha só, que rapidez!","Na so was, flink!","Eh bien, quelle vivacité !"
line.bo.otherBig,"Гром и молния!","Thunder and lightning!","Gök gürültüsü ve şimşek!","¡Rayos y truenos!","Raios e trovões!","Donner und Blitz!","Tonnerre et éclairs !"
# Новые особые кости,,,,,,,
die.worn,"Потёртая","Worn","Aşınmış","Gastado","Gasto","Abgenutzt","Usé"
die.worn.desc,"Чуть чаще 1 и 6, чуть реже 3 и 4","Slightly more 1 and 6, slightly fewer 3 and 4","Biraz daha çok 1 ve 6, biraz daha az 3 ve 4","Algo más de 1 y 6, algo menos de 3 y 4","Um pouco mais 1 e 6, um pouco menos 3 e 4","Etwas mehr 1 und 6, etwas weniger 3 und 4","Un peu plus de 1 et 6, un peu moins de 3 et 4"
die.middle,"Серединка","Middle","Orta","Mediano","Meio","Mitte","Milieu"
die.middle.desc,"Чаще 3 и 4, реже 2 и 6","More 3 and 4, fewer 2 and 6","Daha çok 3 ve 4, daha az 2 ve 6","Más 3 y 4, menos 2 y 6","Mais 3 e 4, menos 2 e 6","Mehr 3 und 4, weniger 2 und 6","Plus de 3 et 4, moins de 2 et 6"
die.edges,"Крайняя","Edges","Uçlar","Extremos","Extremos","Ränder","Extrêmes"
die.edges.desc,"Чаще 1 и 6, реже 5","More 1 and 6, fewer 5","Daha çok 1 ve 6, daha az 5","Más 1 y 6, menos 5","Mais 1 e 6, menos 5","Mehr 1 und 6, weniger 5","Plus de 1 et 6, moins de 5"
die.bone,"Костяная","Bone","Kemik","De hueso","De osso","Knochen","En os"
die.bone.desc,"Шестёрка почти не выпадает, остальные чуть чаще","Six rarely comes up, the rest slightly more often","Altı nadiren gelir, diğerleri biraz daha sık","El seis casi no sale, el resto un poco más","O seis quase não sai, o resto um pouco mais","Die Sechs fällt selten, der Rest etwas öfter","Le six sort rarement, le reste un peu plus souvent"
die.sharper,"Шулерская","Sharper's","Hilebaz","Del tahúr","Do trapaceiro","Falschspieler","Du tricheur"
die.sharper.desc,"Единица часто, пятёрка редко","Ones often, fives rarely","Bir sık, beş nadir","Unos a menudo, cincos rara vez","Uns com frequência, cincos raramente","Oft Einsen, selten Fünfen","Souvent des as, rarement des cinq"
shop.dice,"Особые кости","Special dice","Özel zarlar","Dados especiales","Dados especiais","Spezialwürfel","Dés spéciaux"
shop.dieOwned,"Кость в коллекции","In your collection","Koleksiyonunda","En tu colección","Na sua coleção","In deiner Sammlung","Dans votre collection"
theme.dicePack,"Все особые кости","All special dice","Tüm özel zarlar","Todos los dados especiales","Todos os dados especiais","Alle Spezialwürfel","Tous les dés spéciaux"
hint.die.worn,"Или победите Кузена Витю","Or beat Cousin Vitya","Ya da Kuzen Vitya'yı yen","O vence al primo Vitia","Ou vença o primo Vítia","Oder besiege Cousin Witja","Ou battez le cousin Vitia"
hint.die.middle,"Или победите Тётю Клаву","Or beat Aunt Klava","Ya da Klava Teyze'yi yen","O vence a la tía Klava","Ou vença a tia Klava","Oder besiege Tante Klawa","Ou battez tante Klava"
hint.die.edges,"Или победите Соседа Петровича","Or beat Neighbour Petrovich","Ya da Komşu Petroviç'i yen","O vence al vecino Petróvich","Ou vença o vizinho Petróvitch","Oder besiege Nachbar Petrowitsch","Ou battez le voisin Petrovitch"
hint.die.fives,"Или победите Почтальона Семёныча","Or beat Postman Semyonych","Ya da Postacı Semyoniç'i yen","O vence al cartero Semiónych","Ou vença o carteiro Semiónytch","Oder besiege Postbote Semjonytsch","Ou battez le facteur Semionytch"
hint.die.lucky,"Или победите Бабку Агафью","Or beat Granny Agafya","Ya da Agafya Nine'yi yen","O vence a la abuela Agafia","Ou vença a vovó Agáfia","Oder besiege Oma Agafja","Ou battez Mémé Agafia"
hint.die.bone,"Или победите Барда Лютика","Or beat Lutik the Bard","Ya da Ozan Lutik'i yen","O vence a Lutik el bardo","Ou vença Lutik, o bardo","Oder besiege Lutik den Barden","Ou battez Lutik le barde"
hint.die.sharper,"Или победите Трактирщика Густава","Or beat Gustav the Innkeeper","Ya da Hancı Gustav'ı yen","O vence a Gustav el posadero","Ou vença Gustav, o taverneiro","Oder besiege Wirt Gustav","Ou battez Gustav l'aubergiste"
hint.die.even,"Или победите Наёмницу Ирму","Or beat Irma the Mercenary","Ya da Paralı asker İrma'yı yen","O vence a Irma la mercenaria","Ou vença Irma, a mercenária","Oder besiege Söldnerin Irma","Ou battez Irma la mercenaire"
hint.die.odd,"Или победите Шулера Жору","Or beat Zhora the Sharper","Ya da Hilebaz Jora'yı yen","O vence a Zhora el tahúr","Ou vença Jora, o trapaceiro","Oder besiege Falschspieler Schora","Ou battez Jora le tricheur"
hint.die.sixes,"Или победите Одноглазого Бо","Or beat One-Eyed Bo","Ya da Tek Gözlü Bo'yu yen","O vence a Bo el Tuerto","Ou vença o Bo Caolho","Oder besiege den einäugigen Bo","Ou battez Bo le Borgne"
chapter.beach,"Пляж Тихой бухты","Quiet Cove beach","Sessiz Koy plajı","Playa de la Cala Tranquila","Praia da Enseada Calma","Strand der Stillen Bucht","Plage de l'Anse Tranquille"
chapter.ship,"Корабль «Фортуна»","The ship Fortuna","Fortuna gemisi","El barco Fortuna","O navio Fortuna","Das Schiff Fortuna","Le navire Fortuna"
story.claw,"Мадам Клешня","Madame Claw","Madam Kıskaç","Madame Pinza","Madame Pinça","Madame Schere","Madame Pince"
story.captain,"Капитан Чёрная Метка","Captain Black Spot","Kaptan Kara Leke","Capitán Mancha Negra","Capitão Marca Negra","Kapitän Schwarzer Fleck","Capitaine Tache Noire"
story.beach.1,"Пляж шумит, в каждой хижине стучат кости. У берега стоит корабль «Фортуна», но на борт пускают только тех, кто обыграл Мадам Клешню.","The beach is loud, dice rattle in every hut. The ship Fortuna lies off the shore, but only those who beat Madame Claw may board.","Plaj gürültülü, her kulübede zarlar takırdıyor. Kıyıda Fortuna gemisi duruyor, ama güverteye yalnızca Madam Kıskaç'ı yenenler çıkabiliyor.","La playa es ruidosa y en cada choza suenan los dados. El barco Fortuna está junto a la orilla, pero solo suben a bordo quienes vencen a Madame Pinza.","A praia é barulhenta, em cada cabana chacoalham dados. O navio Fortuna está ancorado perto da costa, mas só embarca quem vence a Madame Pinça.","Am Strand ist es laut, in jeder Hütte klappern Würfel. Vor der Küste liegt das Schiff Fortuna, doch an Bord darf nur, wer Madame Schere besiegt.","La plage est bruyante, les dés claquent dans chaque cabane. Le navire Fortuna mouille près du rivage, mais seuls ceux qui battent Madame Pince montent à bord."
story.beach.2,"Пятёрочки? На моём пляже они ничего не стоят, дорогуша. Хочешь к кораблю — играй по моим правилам.","Fives? On my beach they're worth nothing, darling. Want to reach the ship? Play by my rules.","Beşler mi? Benim plajımda hiçbir değerleri yok, tatlım. Gemiye mi gitmek istiyorsun? Benim kurallarımla oyna.","¿Cincos? En mi playa no valen nada, cariño. ¿Quieres llegar al barco? Juega con mis reglas.","Cincos? Na minha praia eles não valem nada, querido. Quer chegar ao navio? Jogue pelas minhas regras.","Fünfen? An meinem Strand sind sie nichts wert, Schätzchen. Willst du aufs Schiff? Dann spiel nach meinen Regeln.","Des cinq ? Sur ma plage, ils ne valent rien, mon chou. Tu veux rejoindre le navire ? Joue selon mes règles."
story.beach.outro,"Цепкий ты, как краб. Держи пропуск на борт. Только капитан мелочью не играет.","You're as tenacious as a crab. Here's your pass to board. But the captain doesn't play for small change.","Yengeç gibi inatçısın. Al, işte güverte iznin. Ama kaptan bozuk parayla oynamaz.","Eres tenaz como un cangrejo. Toma tu pase para subir a bordo. Pero el capitán no juega por calderilla.","Você é tenaz como um caranguejo. Tome o seu passe para embarcar. Mas o capitão não joga por trocados.","Du bist zäh wie ein Krebs. Hier ist dein Passierschein an Bord. Aber der Kapitän spielt nicht um Kleingeld.","Tu es tenace comme un crabe. Voici ton laissez-passer pour monter à bord. Mais le capitaine ne joue pas pour des broutilles."
story.ship.1,"На палубе «Фортуны» пахнет смолой и ромом. Команда играет с утра до ночи, а мелкие ставки здесь не в почёте.","The deck of the Fortuna smells of tar and rum. The crew plays from dawn till night, and small stakes earn no respect here.","Fortuna'nın güvertesi katran ve rom kokuyor. Mürettebat sabahtan geceye oynuyor ve burada küçük bahislere itibar edilmiyor.","La cubierta del Fortuna huele a brea y ron. La tripulación juega de sol a sol y aquí las apuestas pequeñas no se respetan.","O convés do Fortuna cheira a piche e rum. A tripulação joga de manhã à noite, e apostas pequenas não são respeitadas aqui.","Das Deck der Fortuna riecht nach Teer und Rum. Die Mannschaft spielt von früh bis spät, und kleine Einsätze gelten hier nichts.","Le pont du Fortuna sent le goudron et le rhum. L'équipage joue du matin au soir, et les petites mises ne sont pas respectées ici."
story.ship.2,"Мелочь — для сухопутных. На моём корабле очки забирают от трёхсот пятидесяти, а за стрит плачу вдвое. Садись.","Small change is for landlubbers. On my ship you bank from three hundred fifty, and a straight pays double. Sit down.","Bozuk para karacılar içindir. Gemimde puanlar üç yüz elliden itibaren alınır, kent ise çift öder. Otur.","La calderilla es para los de tierra firme. En mi barco se anota desde trescientos cincuenta, y la escalera paga el doble. Siéntate.","Trocados são para marinheiros de água doce. No meu navio se guarda a partir de trezentos e cinquenta, e a sequência paga em dobro. Sente-se.","Kleingeld ist was für Landratten. Auf meinem Schiff wird ab dreihundertfünfzig gesichert, und eine Straße zählt doppelt. Setz dich.","La petite monnaie, c'est pour les terriens. Sur mon navire, on encaisse à partir de trois cent cinquante, et une suite paie double. Assieds-toi."
story.ship.outro,"Ты обыграл Чёрную Метку. Кости Фортуны твои… пока. Новые берега ждут: продолжение выйдет с обновлениями.","You beat Black Spot. The dice of Fortune are yours... for now. New shores await: the story continues in future updates.","Kara Leke'yi yendin. Talihin zarları senin... şimdilik. Yeni kıyılar bekliyor: hikâye güncellemelerle devam edecek.","Venciste a Mancha Negra. Los dados de la Fortuna son tuyos... por ahora. Nuevas costas esperan: la historia continúa con las actualizaciones.","Você venceu o Marca Negra. Os dados da Fortuna são seus... por enquanto. Novas costas esperam: a história continua nas atualizações.","Du hast den Schwarzen Fleck besiegt. Die Würfel der Fortuna gehören dir ... vorerst. Neue Ufer warten: Die Geschichte geht mit Updates weiter.","Tu as battu Tache Noire. Les dés de la Fortune sont à toi... pour l'instant. De nouveaux rivages t'attendent : l'histoire continue avec les mises à jour."
opp.stepan,"Спасатель Стёпа","Styopa the Lifeguard","Cankurtaran Styopa","Stiopa el socorrista","Stiopa, o salva-vidas","Rettungsschwimmer Stjopa","Stiopa le sauveteur"
opp.stepan.title,"Следит за пляжем и за очками","Watches the beach and the score","Plajı da skoru da izler","Vigila la playa y el marcador","Vigia a praia e o placar","Wacht über Strand und Punkte","Surveille la plage et le score"
opp.zina,"Торговка Зина","Zina the Vendor","Satıcı Zina","Zina la vendedora","Zina, a vendedora","Händlerin Sina","Zina la marchande"
opp.zina.title,"Продаёт кукурузу и слухи","Sells corn and gossip","Mısır ve dedikodu satar","Vende maíz y chismes","Vende milho e fofocas","Verkauft Maiskolben und Klatsch","Vend du maïs et des ragots"
opp.max,"Серфер Макс","Max the Surfer","Sörfçü Maks","Max el surfista","Max, o surfista","Surfer Max","Max le surfeur"
opp.max.title,"Ловит волну и удачу","Rides waves and luck","Dalgayı da şansı da yakalar","Cabalga olas y suerte","Pega ondas e sorte","Reitet Wellen und das Glück","Surfe sur les vagues et la chance"
opp.efim,"Рыбак Ефим","Yefim the Fisherman","Balıkçı Yefim","Yefim el pescador","Iefim, o pescador","Fischer Jefim","Iefim le pêcheur"
opp.efim.title,"Ворчит, но на риск клюёт","Grumbles, but takes the bait","Homurdanır ama riske atlar","Refunfuña, pero pica el anzuelo","Resmunga, mas morde a isca","Brummt, beißt aber an","Grogne, mais mord à l'hameçon"
opp.claw,"Мадам Клешня","Madame Claw","Madam Kıskaç","Madame Pinza","Madame Pinça","Madame Schere","Madame Pince"
opp.claw.title,"Хозяйка пляжа","Mistress of the beach","Plajın hanımı","Dueña de la playa","Dona da praia","Herrin des Strandes","Maîtresse de la plage"
opp.claw.rule,"Одиночная пятёрка ничего не стоит. Пятёрки в тройках и стритах считаются.","A single five scores nothing. Fives still count in sets and straights.","Tek beş puan getirmez. Beşler üçlülerde ve kentlerde sayılır.","Un cinco suelto no vale nada. Los cincos cuentan en tríos y escaleras.","Um cinco sozinho não vale nada. Os cincos contam em trincas e sequências.","Eine einzelne Fünf zählt nichts. In Sätzen und Straßen zählen Fünfen.","Un cinq seul ne rapporte rien. Les cinq comptent dans les brelans et les suites."
opp.pit,"Юнга Пит","Pete the Cabin Boy","Miço Pit","Pit el grumete","Pit, o grumete","Schiffsjunge Pit","Pit le mousse"
opp.pit.title,"Самый младший на борту","Youngest aboard","Gemideki en genç","El más joven a bordo","O mais novo a bordo","Der Jüngste an Bord","Le plus jeune à bord"
opp.bart,"Кок Бартоломью","Bartholomew the Cook","Aşçı Bartolomeo","Bartolomé el cocinero","Bartolomeu, o cozinheiro","Smutje Bartholomäus","Barthélemy le coq"
opp.bart.title,"Кормит команду и обыгрывает её","Feeds the crew and beats it","Mürettebatı doyurur ve yener","Alimenta a la tripulación y le gana","Alimenta a tripulação e vence-a","Füttert die Crew und schlägt sie","Nourrit l'équipage et le bat"
opp.greta,"Штурман Грета","Greta the Navigator","Dümenci Greta","Greta la navegante","Greta, a navegadora","Navigatorin Greta","Greta la navigatrice"
opp.greta.title,"Считает шансы, как звёзды","Counts odds like stars","Olasılıkları yıldızlar gibi sayar","Cuenta probabilidades como estrellas","Conta chances como estrelas","Zählt Chancen wie Sterne","Compte les chances comme les étoiles"
opp.hook,"Боцман Крюк","Boatswain Hook","Lostromo Kanca","El contramaestre Garfio","O contramestre Gancho","Bootsmann Haken","Le maître d'équipage Crochet"
opp.hook.title,"Правая рука капитана","The captain's right hand","Kaptanın sağ kolu","La mano derecha del capitán","O braço direito do capitão","Die rechte Hand des Kapitäns","Le bras droit du capitaine"
opp.captain,"Капитан Чёрная Метка","Captain Black Spot","Kaptan Kara Leke","Capitán Mancha Negra","Capitão Marca Negra","Kapitän Schwarzer Fleck","Capitaine Tache Noire"
opp.captain.title,"Хозяин «Фортуны»","Master of the Fortuna","Fortuna'nın sahibi","Dueño del Fortuna","Dono do Fortuna","Herr der Fortuna","Maître du Fortuna"
opp.captain.rule,"Забрать очки можно, только набрав за ход от 350. Стриты стоят вдвое.","You may bank only with 350 or more this turn. Straights score double.","Puanları ancak turda 350 ve üzeri toplayınca alabilirsin. Kentler çift puan eder.","Solo se puede anotar con 350 o más en el turno. Las escaleras valen el doble.","Só é possível guardar com 350 ou mais no turno. Sequências valem o dobro.","Sichern erst ab 350 Punkten im Zug. Straßen zählen doppelt.","On n'encaisse qu'à partir de 350 points dans le tour. Les suites comptent double."
line.claw.start,"Ну что, пятёрочки тебе не помогут!","Well then, your fives won't help you!","Eh, beşlerin sana yardım etmeyecek!","¡Bueno, tus cincos no te ayudarán!","Bem, seus cincos não vão ajudar!","Na, deine Fünfen helfen dir nicht!","Allez, tes cinq ne t'aideront pas !"
line.claw.zonk,"Ах ты ж, клешни свело!","Argh, my claws cramped!","Of, kıskaçlarım tutuldu!","¡Ay, se me agarrotaron las pinzas!","Ai, minhas pinças travaram!","Argh, die Scheren verkrampft!","Aïe, mes pinces se sont crispées !"
line.claw.otherZonk,"Хе-хе, волной смыло!","Heh, washed away by the wave!","Hehe, dalga alıp götürdü!","¡Je, se lo llevó la ola!","Hehe, a onda levou!","Hehe, von der Welle weggespült!","Héhé, emporté par la vague !"
line.claw.otherBig,"Эй! Ты что там намешал?!","Hey! What did you stir up there?!","Hey! Orada ne karıştırdın?!","¡Eh! ¿Qué has mezclado ahí?","Ei! O que você aprontou aí?!","He! Was hast du da angerührt?!","Hé ! Qu'est-ce que tu as trafiqué ?!"
line.claw.won,"Пляж мой, как и всегда!","The beach is mine, as always!","Plaj her zamanki gibi benim!","¡La playa es mía, como siempre!","A praia é minha, como sempre!","Der Strand gehört mir, wie immer!","La plage est à moi, comme toujours !"
line.claw.lost,"Щёлк… Ладно, твоя взяла.","Snap... Fine, you win.","Şak... Peki, sen kazandın.","Chas... Vale, tú ganas.","Clac... Tudo bem, você venceu.","Knack ... Na gut, du gewinnst.","Clac... Bon, tu as gagné."
line.captain.start,"Свистать всех наверх! Играем!","All hands on deck! Let's play!","Herkes güverteye! Oynuyoruz!","¡Todos a cubierta! ¡A jugar!","Todos ao convés! Vamos jogar!","Alle Mann an Deck! Wir spielen!","Tout le monde sur le pont ! On joue !"
line.captain.zonk,"Тысяча чертей!","Blow me down!","Bin şeytan!","¡Mil demonios!","Mil demônios!","Tausend Teufel!","Mille sabords !"
line.captain.otherZonk,"За борт такие броски!","Throw that roll overboard!","Böyle atışlar denize!","¡Esas tiradas, por la borda!","Essas jogadas, ao mar!","Solche Würfe über Bord!","Ces lancers, par-dessus bord !"
line.captain.otherBig,"Разрази меня гром!","Shiver me timbers!","Yıldırım çarpsın beni!","¡Que me parta un rayo!","Raios me partam!","Donnerwetter!","Tonnerre de Brest !"
line.captain.won,"Добыча капитана!","Captain's loot!","Kaptanın ganimeti!","¡Botín del capitán!","Saque do capitão!","Beute des Kapitäns!","Butin du capitaine !"
line.captain.lost,"Чёрт… Достойный был бой.","Blast... That was a worthy fight.","Lanet... Değerli bir dövüştü.","Maldición... Fue un combate digno.","Droga... Foi uma luta digna.","Verflucht ... Das war ein würdiger Kampf.","Diable... C'était un digne combat."
menu.quests,"Задания","Quests","Görevler","Misiones","Missões","Aufgaben","Quêtes"
quests.title,"Задания","Quests","Görevler","Misiones","Missões","Aufgaben","Quêtes"
quests.daily,"На день","Daily","Günlük","Diarias","Diárias","Täglich","Du jour"
quests.weekly,"На неделю","Weekly","Haftalık","Semanales","Semanais","Wöchentlich","De la semaine"
quests.resetIn,"Новые задания через {0}","New quests in {0}","Yeni görevler: {0} sonra","Nuevas misiones en {0}","Novas missões em {0}","Neue Aufgaben in {0}","Nouvelles quêtes dans {0}"
time.hoursMinutes,"{0} ч {1} мин","{0} h {1} min","{0} sa {1} dk","{0} h {1} min","{0} h {1} min","{0} Std. {1} Min.","{0} h {1} min"
time.daysHours,"{0} д {1} ч","{0} d {1} h","{0} g {1} sa","{0} d {1} h","{0} d {1} h","{0} T. {1} Std.","{0} j {1} h"
quests.claim,"Забрать","Claim","Al","Reclamar","Resgatar","Abholen","Récupérer"
quests.claimed,"Получено","Claimed","Alındı","Reclamado","Resgatado","Abgeholt","Récupéré"
quests.reroll,"Заменить (реклама)","Replace (ad)","Değiştir (reklam)","Cambiar (anuncio)","Trocar (anúncio)","Ersetzen (Werbung)","Remplacer (pub)"
quests.reward,"Награда: {0}","Reward: {0}","Ödül: {0}","Recompensa: {0}","Recompensa: {0}","Belohnung: {0}","Récompense : {0}"
quests.got,"Получено: {0}","Received: {0}","Alındı: {0}","Recibido: {0}","Recebido: {0}","Erhalten: {0}","Reçu : {0}"
quests.completed,"Задание выполнено: {0}","Quest complete: {0}","Görev tamamlandı: {0}","Misión completada: {0}","Missão concluída: {0}","Aufgabe erfüllt: {0}","Quête accomplie : {0}"
quest.play,"Сыграйте партий до конца: {0}","Finish matches: {0}","Maçı sonuna kadar oyna: {0}","Termina partidas: {0}","Termine partidas: {0}","Spiele Partien zu Ende: {0}","Terminez des parties : {0}"
quest.win,"Победите соперников: {0}","Win matches: {0}","Maç kazan: {0}","Gana partidas: {0}","Vença partidas: {0}","Gewinne Partien: {0}","Gagnez des parties : {0}"
quest.bank,"Заберите очков: {0}","Bank points: {0}","Puan kasala: {0}","Anota puntos: {0}","Guarde pontos: {0}","Sichere Punkte: {0}","Encaissez des points : {0}"
quest.bigTurn,"Заберите 1000+ очков за один ход, раз: {0}","Bank 1000+ points in one turn, times: {0}","Tek turda 1000+ puan kasala, kez: {0}","Anota 1000+ puntos en un turno, veces: {0}","Guarde 1000+ pontos num turno, vezes: {0}","Sichere 1000+ Punkte in einem Zug, Mal: {0}","Encaissez 1000+ points en un tour, fois : {0}"
quest.hotDice,"Получите горячие кости, раз: {0}","Get hot dice, times: {0}","Sıcak zar yakala, kez: {0}","Consigue dados calientes, veces: {0}","Consiga dados quentes, vezes: {0}","Hol heiße Würfel, Mal: {0}","Obtenez des dés chauds, fois : {0}"
quest.straight,"Соберите стрит, раз: {0}","Roll a straight, times: {0}","Kent yap, kez: {0}","Saca una escalera, veces: {0}","Faça uma sequência, vezes: {0}","Würfle eine Straße, Mal: {0}","Faites une suite, fois : {0}"
quest.ofAKind,"Отложите три и больше одинаковых, раз: {0}","Set aside three or more of a kind, times: {0}","Üç veya daha fazla aynı zar ayır, kez: {0}","Aparta tres o más iguales, veces: {0}","Separe três ou mais iguais, vezes: {0}","Lege drei oder mehr Gleiche beiseite, Mal: {0}","Mettez de côté trois dés identiques ou plus, fois : {0}"
quest.plainWin,"Победите только обычными костями, раз: {0}","Win with plain dice only, times: {0}","Yalnızca normal zarlarla kazan, kez: {0}","Gana solo con dados normales, veces: {0}","Vença só com dados comuns, vezes: {0}","Gewinne nur mit normalen Würfeln, Mal: {0}","Gagnez avec des dés ordinaires seulement, fois : {0}"
quest.winWithDie,"Победите с костью «{1}» в наборе, раз: {0}","Win with the {1} die in your set, times: {0}","Setinde {1} zarıyla kazan, kez: {0}","Gana con el dado {1} en tu juego, veces: {0}","Vença com o dado {1} no seu conjunto, vezes: {0}","Gewinne mit dem Würfel „{1}“ im Satz, Mal: {0}","Gagnez avec le dé « {1} » dans votre jeu, fois : {0}"
quest.visitDays,"Заходите в игру в разные дни: {0}","Play on different days: {0}","Farklı günlerde oyna: {0}","Juega en días distintos: {0}","Jogue em dias diferentes: {0}","Spiele an verschiedenen Tagen: {0}","Jouez des jours différents : {0}"
quest.claimDailies,"Выполните заданий на день: {0}","Complete daily quests: {0}","Günlük görev tamamla: {0}","Completa misiones diarias: {0}","Conclua missões diárias: {0}","Erfülle Tagesaufgaben: {0}","Accomplissez des quêtes du jour : {0}"
quest.bosses,"Победите боссов: {0}","Beat bosses: {0}","Patron yen: {0}","Vence a jefes: {0}","Vença chefes: {0}","Besiege Bosse: {0}","Battez des boss : {0}"
mastery.none,"нет","none","yok","ninguno","nenhum","keine","aucune"
mastery.1,"Бронза","Bronze","Bronz","Bronce","Bronze","Bronze","Bronze"
mastery.2,"Серебро","Silver","Gümüş","Plata","Prata","Silber","Argent"
mastery.3,"Золото","Gold","Altın","Oro","Ouro","Gold","Or"
mastery.info,"Мастерство: {0}. Очки: {1} из {2}","Mastery: {0}. Points: {1} of {2}","Ustalık: {0}. Puan: {1} / {2}","Maestría: {0}. Puntos: {1} de {2}","Maestria: {0}. Pontos: {1} de {2}","Meisterschaft: {0}. Punkte: {1} von {2}","Maîtrise : {0}. Points : {1} sur {2}"
mastery.max,"Мастерство: {0} (высшее). Очки: {1}","Mastery: {0} (max). Points: {1}","Ustalık: {0} (en yüksek). Puan: {1}","Maestría: {0} (máxima). Puntos: {1}","Maestria: {0} (máxima). Pontos: {1}","Meisterschaft: {0} (höchste). Punkte: {1}","Maîtrise : {0} (maximale). Points : {1}"
mastery.levelUp,"Кость «{0}»: мастерство «{1}»!","{0} die: {1} mastery!","{0} zarı: {1} ustalık!","Dado {0}: ¡maestría {1}!","Dado {0}: maestria {1}!","Würfel „{0}“: Meisterschaft {1}!","Dé « {0} » : maîtrise {1} !"
presets.slot,"Набор {0}","Set {0}","Set {0}","Juego {0}","Conjunto {0}","Satz {0}","Jeu {0}"
quests.watchAd,"Смотреть рекламу","Watch an ad","Reklam izle","Ver un anuncio","Assistir anúncio","Werbung ansehen","Regarder une pub"
quest.watchAds,"Посмотрите рекламу, раз: {0}","Watch ads, times: {0}","Reklam izle, kez: {0}","Mira anuncios, veces: {0}","Assista anúncios, vezes: {0}","Sieh Werbung an, Mal: {0}","Regardez des pubs, fois : {0}"
quest.shopAcquire,"Получите предмет в магазине, раз: {0}","Get items in the shop, times: {0}","Mağazadan eşya al, kez: {0}","Consigue objetos en la tienda, veces: {0}","Obtenha itens na loja, vezes: {0}","Hol dir Gegenstände im Laden, Mal: {0}","Obtenez des objets en boutique, fois : {0}"
quest.manualRoll,"Бросьте кости своей рукой, раз: {0}","Roll the dice by hand, times: {0}","Zarları elinle at, kez: {0}","Tira los dados a mano, veces: {0}","Role os dados com a mão, vezes: {0}","Würfle von Hand, Mal: {0}","Lancez les dés à la main, fois : {0}"
reactions.claw,"Мадам Клешня","Madame Claw","Madam Kıskaç","Madame Pinza","Madame Pinça","Madame Schere","Madame Pince"
reactions.captain,"Капитан Чёрная Метка","Captain Black Spot","Kaptan Kara Leke","Capitán Mancha Negra","Capitão Marca Negra","Kapitän Schwarzer Fleck","Capitaine Tache Noire"
menu.offer,"Выгодно: {0}","Special offer: {0}","Özel teklif: {0}","Oferta especial: {0}","Oferta especial: {0}","Sonderangebot: {0}","Offre spéciale : {0}"
campaign.stake,"Ставка:","Stake:","Bahis:","Apuesta:","Aposta:","Einsatz:","Mise :"
campaign.noStake,"Без ставки","No stake","Bahissiz","Sin apuesta","Sem aposta","Ohne Einsatz","Sans mise"
campaign.stakeInfo,"Ставка {0}: при победе получите {1}, при поражении ставка сгорит","Stake {0}: win to get {1}, lose and the stake is gone","Bahis {0}: kazanırsan {1} alırsın, kaybedersen bahis yanar","Apuesta {0}: si ganas recibes {1}, si pierdes la pierdes","Aposta {0}: se vencer recebe {1}, se perder a aposta some","Einsatz {0}: bei Sieg bekommst du {1}, bei Niederlage ist er weg","Mise {0} : gagnez pour recevoir {1}, perdez et la mise est perdue"
campaign.stakeNoCoins,"Не хватает монет на ставку: играем без ставки","Not enough coins for the stake: playing without it","Bahis için altın yetmiyor: bahissiz oynanıyor","No hay monedas para la apuesta: se juega sin ella","Moedas insuficientes para a aposta: jogando sem ela","Zu wenig Münzen für den Einsatz: Spiel ohne Einsatz","Pas assez de pièces pour la mise : partie sans mise"
campaign.stakeLost,"Ставка проиграна: −{0}","Stake lost: −{0}","Bahis kaybedildi: −{0}","Apuesta perdida: −{0}","Aposta perdida: −{0}","Einsatz verloren: −{0}","Mise perdue : −{0}"
shop.coins,"Монеты","Coins","Altın","Monedas","Moedas","Münzen","Pièces"
shop.bonus,"+{0}% выгоды","+{0}% bonus","+{0}% kazanç","+{0}% extra","+{0}% bônus","+{0}% Bonus","+{0} % bonus"
shop.coinPack,"{0} {1} сразу на счёт","{0} {1} straight to your wallet","{0} {1} hemen hesabına","{0} {1} directo a tu cuenta","{0} {1} direto na sua conta","{0} {1} sofort aufs Konto","{0} {1} directement sur votre compte"
shop.buyForReal,"Купить за {0}","Buy for {0}","{0} karşılığında al","Comprar por {0}","Comprar por {0}","Für {0} kaufen","Acheter pour {0}"
shop.coinsAdded,"+{0} монет","+{0} coins","+{0} altın","+{0} monedas","+{0} moedas","+{0} Münzen","+{0} pièces"
shop.setContents,"Внутри: {0}","Includes: {0}","İçinde: {0}","Incluye: {0}","Inclui: {0}","Enthält: {0}","Contient : {0}"
item.table_walnut,"Ореховый стол","Walnut table","Ceviz masa","Mesa de nogal","Mesa de nogueira","Nussbaumtisch","Table en noyer"
item.table_royal,"Королевский стол","Royal table","Kraliyet masası","Mesa real","Mesa real","Königstisch","Table royale"
item.felt_purple,"Фиолетовое сукно","Purple cloth","Mor çuha","Tapete morado","Feltro roxo","Lila Tuch","Tapis violet"
item.felt_royal,"Королевское сукно","Royal cloth","Kraliyet çuhası","Tapete real","Feltro real","Königliches Tuch","Tapis royal"
item.lamp_brass,"Латунная лампа","Brass lamp","Pirinç lamba","Lámpara de latón","Luminária de latão","Messinglampe","Lampe en laiton"
item.lamp_crystal,"Хрустальная лампа","Crystal lamp","Kristal lamba","Lámpara de cristal","Luminária de cristal","Kristalllampe","Lampe en cristal"
item.roll_royal,"Королевский","Royal","Kraliyet usulü","Real","Real","Königlich","Royal"
theme.starter,"Стартовый набор","Starter pack","Başlangıç paketi","Pack de inicio","Pacote inicial","Starterpaket","Pack de départ"
theme.starter.desc,"Один раз и очень выгодно: стакан, сукно, стол, Счастливая кость, 5000 монет и 10 энергии.","One time only and a great deal: a cup, cloth, table, the Lucky die, 5000 coins and 10 energy.","Yalnızca bir kez ve çok kârlı: kap, çuha, masa, Şanslı zar, 5000 altın ve 10 enerji.","Solo una vez y muy rentable: cubilete, tapete, mesa, el dado de la Suerte, 5000 monedas y 10 de energía.","Só uma vez e muito vantajoso: copo, feltro, mesa, o dado da Sorte, 5000 moedas e 10 de energia.","Nur einmal und sehr günstig: Becher, Tuch, Tisch, der Glückswürfel, 5000 Münzen und 10 Energie.","Une seule fois et très avantageux : gobelet, tapis, table, le dé Chanceux, 5000 pièces et 10 d'énergie."
theme.noAds,"Без рекламы","No ads","Reklamsız","Sin anuncios","Sem anúncios","Keine Werbung","Sans pub"
theme.noAds.desc,"Навсегда убирает рекламу между партиями. Рекламу за награды можно смотреть по желанию.","Removes ads between matches forever. Ads for rewards stay optional.","Maçlar arasındaki reklamları sonsuza dek kaldırır. Ödüllü reklamlar isteğe bağlı kalır.","Quita para siempre los anuncios entre partidas. Los anuncios con recompensa siguen siendo opcionales.","Remove para sempre os anúncios entre partidas. Anúncios com recompensa continuam opcionais.","Entfernt die Werbung zwischen Partien für immer. Werbung für Belohnungen bleibt freiwillig.","Supprime pour toujours les pubs entre les parties. Les pubs récompensées restent facultatives."
theme.dicePack.desc,"Все десять особых костей сразу.","All ten special dice at once.","On özel zarın hepsi bir arada.","Los diez dados especiales de una vez.","Os dez dados especiais de uma vez.","Alle zehn Spezialwürfel auf einmal.","Les dix dés spéciaux d'un coup."
theme.pirate.desc,"Корабль, тёмный стол, красное сукно и деревянный стакан — дешевле, чем по отдельности.","The ship, dark table, red cloth and wooden cup — cheaper than separately.","Gemi, koyu masa, kırmızı çuha ve ahşap kap — ayrı ayrı almaktan ucuz.","El barco, la mesa oscura, el tapete rojo y el cubilete de madera, más barato que por separado.","O navio, a mesa escura, o feltro vermelho e o copo de madeira, mais barato que separado.","Das Schiff, dunkler Tisch, rotes Tuch und Holzbecher — günstiger als einzeln.","Le navire, la table sombre, le tapis rouge et le gobelet en bois, moins cher qu'à l'unité."
pack.small,"Горсть монет","Handful of coins","Bir avuç altın","Puñado de monedas","Punhado de moedas","Handvoll Münzen","Poignée de pièces"
pack.medium,"Мешок монет","Bag of coins","Bir kese altın","Bolsa de monedas","Saco de moedas","Beutel Münzen","Sac de pièces"
pack.large,"Сундук монет","Chest of coins","Bir sandık altın","Cofre de monedas","Baú de moedas","Truhe voller Münzen","Coffre de pièces"
menu.adOffer,"+{0} {1} за рекламу (осталось {2})","+{0} {1} for an ad ({2} left)","Reklam için +{0} {1} ({2} kaldı)","+{0} {1} por anuncio (quedan {2})","+{0} {1} por anúncio (restam {2})","+{0} {1} für Werbung (noch {2})","+{0} {1} pour une pub (reste {2})"
menu.adOfferLoading,"+{0} {1} за рекламу (реклама загружается)","+{0} {1} for an ad (ad loading)","Reklam için +{0} {1} (reklam yükleniyor)","+{0} {1} por anuncio (cargando anuncio)","+{0} {1} por anúncio (carregando anúncio)","+{0} {1} für Werbung (Werbung lädt)","+{0} {1} pour une pub (pub en chargement)"
menu.adOfferTomorrow,"+{0} {1} за рекламу: завтра снова","+{0} {1} for an ad: back tomorrow","Reklam için +{0} {1}: yarın yine","+{0} {1} por anuncio: mañana otra vez","+{0} {1} por anúncio: amanhã de novo","+{0} {1} für Werbung: morgen wieder","+{0} {1} pour une pub : revenez demain"
menu.adOfferUnlimited,"+{0} {1} за рекламу","+{0} {1} for an ad","Reklam için +{0} {1}","+{0} {1} por anuncio","+{0} {1} por anúncio","+{0} {1} für Werbung","+{0} {1} pour une pub"
star.win,"Победите соперника","Beat the opponent","Rakibi yen","Vence al rival","Vença o adversário","Besiege den Gegner","Battez l'adversaire"
star.margin,"Победите с отрывом от {0} очков","Win by {0}+ points","En az {0} puan farkla kazan","Gana por {0} puntos o más","Vença por {0} pontos ou mais","Gewinne mit {0}+ Punkten Vorsprung","Gagnez avec {0} points d'avance ou plus"
star.noSpecial,"Победите только обычными костями","Win with plain dice only","Yalnızca normal zarlarla kazan","Gana solo con dados normales","Vença só com dados comuns","Gewinne nur mit normalen Würfeln","Gagnez avec des dés ordinaires seulement"
star.maxTurns,"Победите не больше чем за {0} ходов","Win in {0} turns or fewer","En fazla {0} turda kazan","Gana en {0} turnos o menos","Vença em até {0} turnos","Gewinne in höchstens {0} Zügen","Gagnez en {0} tours maximum"
star.noZonks,"Победите без единого Зонка","Win without a single Zonk","Hiç Zonk yemeden kazan","Gana sin ningún Zonk","Vença sem nenhum Zonk","Gewinne ohne einen einzigen Zonk","Gagnez sans aucun Zonk"
star.maxZonks,"Победите, получив не больше {0} Зонков","Win with {0} Zonks or fewer","En fazla {0} Zonk ile kazan","Gana con {0} Zonks o menos","Vença com até {0} Zonks","Gewinne mit höchstens {0} Zonks","Gagnez avec {0} Zonks maximum"
star.bigTurn,"Заберите за один ход {0}+ очков","Bank {0}+ points in one turn","Tek turda {0}+ puan kasala","Anota {0}+ puntos en un turno","Guarde {0}+ pontos num turno","Sichere {0}+ Punkte in einem Zug","Encaissez {0}+ points en un tour"
star.hotDice,"Получите горячие кости, раз: {0}","Get hot dice, times: {0}","Sıcak zar yakala, kez: {0}","Consigue dados calientes, veces: {0}","Consiga dados quentes, vezes: {0}","Hol heiße Würfel, Mal: {0}","Obtenez des dés chauds, fois : {0}"
campaign.starsTitle,"Звёзды:","Stars:","Yıldızlar:","Estrellas:","Estrelas:","Sterne:","Étoiles :"
campaign.boss,"(босс)","(boss)","(patron)","(jefe)","(chefe)","(Boss)","(boss)"
results.stars,"Звёзды за соперника: {0}","Stars for this opponent: {0}","Bu rakip için yıldızlar: {0}","Estrellas de este rival: {0}","Estrelas deste adversário: {0}","Sterne für diesen Gegner: {0}","Étoiles pour cet adversaire : {0}"
results.newStar,"Новая звезда: {0}","New star: {0}","Yeni yıldız: {0}","Nueva estrella: {0}","Nova estrela: {0}","Neuer Stern: {0}","Nouvelle étoile : {0}"
menu.leaderboards,"Рекорды","Leaderboards","Rekorlar","Clasificación","Classificação","Bestenliste","Classements"
leaderboard.title,"Рекорды","Leaderboards","Rekorlar","Clasificación","Classificação","Bestenliste","Classements"
leaderboard.stars,"Звёзды","Stars","Yıldızlar","Estrellas","Estrelas","Sterne","Étoiles"
leaderboard.wins,"Победы","Wins","Galibiyetler","Victorias","Vitórias","Siege","Victoires"
leaderboard.bestTurn,"Лучший ход","Best turn","En iyi tur","Mejor turno","Melhor turno","Bester Zug","Meilleur tour"
leaderboard.unavailable,"Рекорды сейчас недоступны","Leaderboards are unavailable right now","Rekorlar şu an kullanılamıyor","La clasificación no está disponible ahora","A classificação não está disponível agora","Die Bestenliste ist gerade nicht verfügbar","Les classements sont indisponibles pour le moment"
leaderboard.loading,"Загрузка…","Loading…","Yükleniyor…","Cargando…","Carregando…","Wird geladen …","Chargement…"
leaderboard.empty,"Пока никого нет — будьте первым!","Nobody here yet — be the first!","Henüz kimse yok — ilk sen ol!","Aún no hay nadie: ¡sé el primero!","Ainda não há ninguém: seja o primeiro!","Noch niemand da — sei der Erste!","Personne pour l'instant : soyez le premier !"
leaderboard.row,"{0}. {1} — {2}","{0}. {1} — {2}","{0}. {1} — {2}","{0}. {1} — {2}","{0}. {1} — {2}","{0}. {1} — {2}","{0}. {1} — {2}"
leaderboard.anonymous,"Игрок","Player","Oyuncu","Jugador","Jogador","Spieler","Joueur"
leaderboard.mine,"Ваш результат: {0}","Your result: {0}","Senin sonucun: {0}","Tu resultado: {0}","Seu resultado: {0}","Dein Ergebnis: {0}","Votre résultat : {0}"
leaderboard.myRank,"Ваше место: {0} ({1})","Your place: {0} ({1})","Sıran: {0} ({1})","Tu puesto: {0} ({1})","Sua posição: {0} ({1})","Dein Platz: {0} ({1})","Votre place : {0} ({1})"
tutorial.ok,"Понятно","Got it","Anladım","Entendido","Entendi","Verstanden","Compris"
tutorial.MainMenu,"Добро пожаловать в «Зонк»! Начните с кампании: соперники идут по порядку, в конце главы ждёт босс. Правила — в книжке с вопросом.","Welcome to Zonk! Start with the campaign: opponents come in order, a boss waits at the end of each chapter. Rules are in the book with a question mark.","Zonk'a hoş geldin! Hikâyeyle başla: rakipler sırayla gelir, bölüm sonunda patron bekler. Kurallar soru işaretli kitapta.","¡Bienvenido a Zonk! Empieza por la campaña: los rivales van en orden y al final de cada capítulo espera un jefe. Las reglas están en el libro con el signo de interrogación.","Bem-vindo ao Zonk! Comece pela campanha: os adversários vêm em ordem e no fim de cada capítulo há um chefe. As regras estão no livro com o ponto de interrogação.","Willkommen bei Zonk! Beginne mit der Kampagne: Die Gegner kommen der Reihe nach, am Ende jedes Kapitels wartet ein Boss. Die Regeln stehen im Buch mit dem Fragezeichen.","Bienvenue dans Zonk ! Commencez par la campagne : les adversaires se suivent, un boss attend à la fin de chaque chapitre. Les règles sont dans le livre au point d'interrogation."
tutorial.BeforeFirstRoll,"Ваш ход! Нажмите «Бросить» — кости высыплются из стакана.","Your turn! Press Roll and the dice pour out of the cup.","Sıra sende! At'a bas, zarlar kaptan dökülsün.","¡Tu turno! Pulsa Tirar y los dados saldrán del cubilete.","Sua vez! Toque em Rolar e os dados saem do copo.","Du bist dran! Drücke Würfeln, und die Würfel fallen aus dem Becher.","À vous ! Appuyez sur Lancer et les dés sortent du gobelet."
tutorial.ChooseDice,"Нажмите на кости с очками: единица — 100, пятёрка — 50, три одинаковых и больше, стрит. Кости без очков затемнены.","Tap the dice that score: a one is 100, a five is 50, plus three or more of a kind and straights. Dice that don't score are dimmed.","Puan getiren zarlara dokun: bir 100, beş 50, üç veya daha fazla aynı ve kent. Puansız zarlar soluk.","Toca los dados que puntúan: un uno vale 100, un cinco 50, además tres o más iguales y escaleras. Los que no puntúan están oscurecidos.","Toque nos dados que pontuam: um vale 100, cinco vale 50, além de três ou mais iguais e sequências. Os que não pontuam ficam escurecidos.","Tippe auf die Würfel mit Punkten: Eins zählt 100, Fünf 50, dazu drei oder mehr Gleiche und Straßen. Würfel ohne Punkte sind abgedunkelt.","Touchez les dés qui marquent : un as vaut 100, un cinq 50, plus les brelans et les suites. Les dés sans points sont assombris."
tutorial.AfterKeep,"Очки хода копятся. «Продолжить» — рискнуть оставшимися костями ради большего, «Забрать» — записать очки себе.","Turn points add up. Continue risks the remaining dice for more; Bank writes the points to your score.","Tur puanları birikir. Devam, kalan zarlarla daha fazlası için risk alır; Kasaya koy, puanları hanene yazar.","Los puntos del turno se acumulan. Seguir arriesga los dados restantes por más; Plantarse suma los puntos a tu marcador.","Os pontos da jogada se acumulam. Continuar arrisca os dados restantes por mais; Guardar soma os pontos ao seu placar.","Die Zugpunkte sammeln sich. Weiter riskiert die übrigen Würfel für mehr, Sichern schreibt die Punkte gut.","Les points du tour s'additionnent. Continuer risque les dés restants pour plus ; Encaisser ajoute les points à votre score."
tutorial.Zonk,"Зонк! В броске не оказалось очков, и очки этого хода сгорели. Забирайте вовремя!","Zonk! The roll had nothing that scores, so this turn's points are lost. Bank in time!","Zonk! Atışta puan yoktu, bu turun puanları yandı. Zamanında kasala!","¡Zonk! La tirada no puntuaba y se pierden los puntos del turno. ¡Anota a tiempo!","Zonk! A rolagem não pontuou e os pontos do turno se perderam. Guarde na hora certa!","Zonk! Der Wurf brachte keine Punkte, die Punkte dieses Zugs sind weg. Sichere rechtzeitig!","Zonk ! Le lancer ne marquait rien, les points du tour sont perdus. Encaissez à temps !"
tutorial.Bank,"Очки записаны. Кто первым наберёт цель, тот и победил.","Points banked. The first to reach the target wins.","Puanlar yazıldı. Hedefe ilk ulaşan kazanır.","Puntos anotados. Gana el primero en llegar al objetivo.","Pontos guardados. Vence quem chegar primeiro à meta.","Punkte gesichert. Wer zuerst das Ziel erreicht, gewinnt.","Points encaissés. Le premier à atteindre l'objectif gagne."
tutorial.HotDice,"Горячие кости! Все шесть принесли очки — бросайте их все заново и копите дальше.","Hot dice! All six scored, so roll all of them again and keep going.","Sıcak zarlar! Altısı da puan getirdi, hepsini yeniden at ve devam et.","¡Dados calientes! Los seis puntuaron: vuelve a tirarlos todos y sigue sumando.","Dados quentes! Os seis pontuaram: role todos de novo e continue somando.","Heiße Würfel! Alle sechs haben gepunktet, würfle alle erneut und sammle weiter.","Dés chauds ! Les six ont marqué : relancez-les tous et continuez."
tutorial.OpponentTurn,"Теперь ходит соперник. Его счёт — вверху справа.","Now it's the opponent's turn. Their score is at the top right.","Şimdi rakibin sırası. Skoru sağ üstte.","Ahora es el turno del rival. Su marcador está arriba a la derecha.","Agora é a vez do adversário. O placar dele fica no alto à direita.","Jetzt ist der Gegner dran. Sein Punktestand steht oben rechts.","C'est au tour de l'adversaire. Son score est en haut à droite."
tutorial.FinalRound,"Цель набрана — это последний круг: остальные ходят ещё по разу и могут обогнать.","The target is reached: this is the final round. The others get one more turn and can still overtake.","Hedefe ulaşıldı, bu son tur: diğerleri bir kez daha oynar ve geçebilir.","Se alcanzó el objetivo: es la última ronda. Los demás juegan una vez más y aún pueden adelantar.","A meta foi atingida: é a rodada final. Os outros jogam mais uma vez e ainda podem passar à frente.","Das Ziel ist erreicht: letzte Runde. Die anderen sind noch einmal dran und können überholen.","L'objectif est atteint : dernier tour. Les autres jouent encore une fois et peuvent dépasser."
tutorial.ManualRoll,"Хотите бросать сами? Зажмите свой стакан, потрясите его и резко толкните к столу — чем сильнее толчок, тем дальше полетят кости. Кнопка «Бросить» тоже работает.","Want to roll yourself? Press and hold your cup, shake it and flick it toward the table: the harder the flick, the farther the dice fly. The Roll button still works too.","Kendin mi atmak istiyorsun? Kabını basılı tut, salla ve masaya doğru sertçe savur: ne kadar sert, zarlar o kadar uzağa gider. At düğmesi de çalışır.","¿Quieres tirar tú? Mantén pulsado tu cubilete, agítalo y lánzalo hacia la mesa: cuanto más fuerte, más lejos van los dados. El botón Tirar también funciona.","Quer rolar você mesmo? Segure seu copo, sacuda e empurre para a mesa: quanto mais forte, mais longe vão os dados. O botão Rolar também funciona.","Selbst würfeln? Halte deinen Becher gedrückt, schüttle ihn und stoß ihn zum Tisch: Je kräftiger, desto weiter fliegen die Würfel. Der Würfeln-Knopf geht auch.","Envie de lancer vous-même ? Maintenez votre gobelet, secouez-le et poussez-le vers la table : plus c'est fort, plus les dés vont loin. Le bouton Lancer marche aussi."
campaign.rewardFirst,"Награда за первую победу: {0}","Reward for the first win: {0}","İlk galibiyet ödülü: {0}","Recompensa por la primera victoria: {0}","Recompensa pela primeira vitória: {0}","Belohnung für den ersten Sieg: {0}","Récompense de la première victoire : {0}"
campaign.rewardRepeat,"Награда за победу (повторная): {0}","Reward for a win (repeat): {0}","Galibiyet ödülü (tekrar): {0}","Recompensa por victoria (repetida): {0}","Recompensa por vitória (repetida): {0}","Belohnung für einen Sieg (Wiederholung): {0}","Récompense de victoire (à nouveau) : {0}"
campaign.rewardStar,"За каждую новую звезду: {0}","For each new star: {0}","Her yeni yıldız için: {0}","Por cada estrella nueva: {0}","Por cada estrela nova: {0}","Für jeden neuen Stern: {0}","Pour chaque nouvelle étoile : {0}"
campaign.rewardOwned,"(уже есть)","(already owned)","(zaten var)","(ya lo tienes)","(já possui)","(schon vorhanden)","(déjà possédé)"
shop.cardAds,"Реклама {0}/{1}","Ads {0}/{1}","Reklam {0}/{1}","Anuncios {0}/{1}","Anúncios {0}/{1}","Werbung {0}/{1}","Pubs {0}/{1}"
shop.cardReal,"За покупку","Purchase","Satın al","Compra","Compra","Kauf","Achat"
shop.cardProgress,"Награда кампании","Campaign reward","Hikâye ödülü","Premio de campaña","Prêmio da campanha","Kampagnenbelohnung","Récompense de campagne"
reward.die,"кость «{0}»","the {0} die","{0} zarı","el dado {0}","o dado {0}","Würfel „{0}“","le dé « {0} »"
reward.rollStyle,"бросок «{0}»","the {0} roll style","{0} atış stili","el estilo de tirada {0}","o estilo de rolagem {0}","Wurfstil „{0}“","le style de lancer « {0} »"
shop.dieHint,"Особая кость меняет шансы граней. Вид у неё свой.","A special die changes the odds of its faces. It has its own look.","Özel zar yüzlerin olasılığını değiştirir. Kendi görünümü vardır.","Un dado especial cambia las probabilidades de sus caras. Tiene su propio aspecto.","Um dado especial muda as chances das faces. Tem visual próprio.","Ein Spezialwürfel ändert die Chancen seiner Seiten. Er hat ein eigenes Aussehen.","Un dé spécial change les chances de ses faces. Il a son propre look."
shop.skinHint,"Меняет только внешний вид обычных костей, на игру не влияет.","Changes only how plain dice look, no effect on the game.","Yalnızca normal zarların görünümünü değiştirir, oyunu etkilemez.","Solo cambia el aspecto de los dados normales, no afecta al juego.","Muda só o visual dos dados comuns, não afeta o jogo.","Ändert nur das Aussehen normaler Würfel, ohne Einfluss aufs Spiel.","Change seulement l'apparence des dés ordinaires, sans effet sur le jeu."
language.title,"Язык","Language","Dil","Idioma","Idioma","Sprache","Langue"
language.ru,"Русский","Русский","Русский","Русский","Русский","Русский","Русский"
language.en,"English","English","English","English","English","English","English"
language.tr,"Türkçe","Türkçe","Türkçe","Türkçe","Türkçe","Türkçe","Türkçe"
language.es,"Español","Español","Español","Español","Español","Español","Español"
language.pt,"Português","Português","Português","Português","Português","Português","Português"
language.de,"Deutsch","Deutsch","Deutsch","Deutsch","Deutsch","Deutsch","Deutsch"
language.fr,"Français","Français","Français","Français","Français","Français","Français"
item.env_basement,"Подвал","Basement","Bodrum","Sótano","Porão","Keller","Cave"
item.lamp_cage,"Лампа в решётке","Caged lamp","Kafesli lamba","Lámpara enrejada","Luminária com grade","Gitterlampe","Lampe grillagée"
item.table_birch,"Берёзовый стол","Birch table","Huş masa","Mesa de abedul","Mesa de bétula","Birkentisch","Table en bouleau"
item.table_gold,"Золотой стол","Golden table","Altın masa","Mesa dorada","Mesa dourada","Goldener Tisch","Table dorée"
item.felt_teal,"Бирюзовое сукно","Teal cloth","Turkuaz çuha","Tapete turquesa","Feltro turquesa","Türkises Tuch","Tapis turquoise"
item.felt_gold,"Золотое сукно","Golden cloth","Altın çuha","Tapete dorado","Feltro dourado","Goldenes Tuch","Tapis doré"
item.skin_pearl,"Жемчуг","Pearl","İnci","Perla","Pérola","Perle","Perle"
item.skin_emerald,"Изумруд","Emerald","Zümrüt","Esmeralda","Esmeralda","Smaragd","Émeraude"
item.lamp_paper,"Бумажный фонарик","Paper lantern","Kâğıt fener","Farolillo de papel","Lanterna de papel","Papierlaterne","Lanterne en papier"
item.lamp_glass,"Лампа зелёного стекла","Green glass lamp","Yeşil cam lamba","Lámpara de cristal verde","Luminária de vidro verde","Grüne Glaslampe","Lampe en verre vert"
item.roll_storm,"Шторм","Storm","Fırtına","Tormenta","Tempestade","Sturm","Tempête"
item.env_attic,"Чердак","Attic","Çatı katı","Desván","Sótão","Dachboden","Grenier"
item.env_garden,"Сад","Garden","Bahçe","Jardín","Jardim","Garten","Jardin"
rule.comboMultiplier,"Очки за {1}: ×{0}","Points for {1}: ×{0}","{1} puanı: ×{0}","Puntos por {1}: ×{0}","Pontos por {1}: ×{0}","Punkte für {1}: ×{0}","Points pour {1} : ×{0}"
rule.cat.of_a_kind,"три и больше одинаковых","three or more of a kind","üç veya daha fazla aynı","tres o más iguales","três ou mais iguais","drei oder mehr Gleiche","trois identiques ou plus"
rule.cat.straight,"стрит","straights","kent","escaleras","sequências","Straßen","suites"
rule.cat.three_pairs,"три пары","three pairs","üç çift","tres parejas","três pares","drei Paare","trois paires"
rule.cat.single,"одиночные единицы и пятёрки","single ones and fives","tekli bir ve beşler","unos y cincos sueltos","uns e cincos avulsos","einzelne Einsen und Fünfen","as et cinq isolés"
rule.target,"Цель партии: {0}","Match goal: {0}","Maç hedefi: {0}","Objetivo: {0}","Meta da partida: {0}","Spielziel: {0}","Objectif : {0}"
rule.entry,"Первые очки записываются только от {0} за ход","Your first points count only with {0} or more in one turn","İlk puanlar ancak bir turda {0} ve üzeriyle yazılır","Tus primeros puntos solo cuentan con {0} o más en un turno","Seus primeiros pontos só contam com {0} ou mais numa jogada","Deine ersten Punkte zählen erst ab {0} in einem Zug","Vos premiers points ne comptent qu'à partir de {0} en un tour"
rule.zonkPenalty,"Каждый Зонк: минус {0} очков","Every Zonk: minus {0} points","Her Zonk: eksi {0} puan","Cada Zonk: menos {0} puntos","Cada Zonk: menos {0} pontos","Jeder Zonk: minus {0} Punkte","Chaque Zonk : moins {0} points"
rule.threeZonks,"Три Зонка подряд: минус {0} очков","Three Zonks in a row: minus {0} points","Üst üste üç Zonk: eksi {0} puan","Tres Zonks seguidos: menos {0} puntos","Três Zonks seguidos: menos {0} pontos","Drei Zonks in Folge: minus {0} Punkte","Trois Zonks d'affilée : moins {0} points"
rule.singleFaceZero,"Одиночная {0} ничего не стоит (в тройках и стритах считается)","A single {0} scores nothing (it still counts in sets and straights)","Tek başına {0} puan getirmez (üçlülerde ve kentlerde sayılır)","Un {0} suelto no puntúa (sí cuenta en tríos y escaleras)","Um {0} avulso não pontua (conta em trincas e sequências)","Eine einzelne {0} zählt nichts (in Drillingen und Straßen schon)","Un {0} isolé ne rapporte rien (il compte dans les brelans et les suites)"
rule.singleFace,"Одиночная {1}: очки ×{0}","A single {1} scores ×{0}","Tek başına {1}: puan ×{0}","Un {1} suelto vale ×{0}","Um {1} avulso vale ×{0}","Eine einzelne {1} zählt ×{0}","Un {1} isolé vaut ×{0}"
rule.face.1,"единица","one","bir","uno","um","Eins","as"
rule.face.2,"двойка","two","iki","dos","dois","Zwei","deux"
rule.face.3,"тройка","three","üç","tres","três","Drei","trois"
rule.face.4,"четвёрка","four","dört","cuatro","quatro","Vier","quatre"
rule.face.5,"пятёрка","five","beş","cinco","cinco","Fünf","cinq"
rule.face.6,"шестёрка","six","altı","seis","seis","Sechs","six"
rule.minBank,"Забрать очки можно только от {0} за ход","You can bank only with {0} or more in a turn","Ancak bir turda {0} ve üzeriyle kasaya koyabilirsin","Solo puedes plantarte con {0} o más en un turno","Só dá para guardar com {0} ou mais na jogada","Sichern nur ab {0} Punkten im Zug","Encaisser seulement à partir de {0} en un tour"
campaign.rules,"Особые правила (для обоих):","Special rules (for both):","Özel kurallar (ikiniz için):","Reglas especiales (para ambos):","Regras especiais (para ambos):","Sonderregeln (für beide):","Règles spéciales (pour les deux) :"
campaign.dread,"грозный босс","dread boss","korkunç patron","jefe temible","chefe temível","Schreckensboss","boss redoutable"
campaign.dreadLocked,"Откроется, когда у соперника «{1}» будет звёзд: {0}","Unlocks when you have {0} stars against {1}","{1} karşısında {0} yıldız toplayınca açılır","Se abre cuando tengas {0} estrellas contra {1}","Abre quando tiver {0} estrelas contra {1}","Wird freigeschaltet, wenn du gegen {1} {0} Sterne hast","Se débloque avec {0} étoiles contre {1}"
opp.agafya_dread,"Грозная Агафья","Dread Agafya","Korkunç Agafya","Agafia la Temible","Agáfia Temível","Schreckliche Agafja","Agafia la Redoutable"
opp.agafya_dread.title,"Сундук под замком","The chest is locked","Sandık kilitli","El cofre está cerrado","O baú está trancado","Die Truhe ist verschlossen","Le coffre est fermé"
opp.bo_dread,"Грозный Бо","Dread Bo","Korkunç Bo","Bo el Temible","Bo Temível","Schrecklicher Bo","Bo le Redoutable"
opp.bo_dread.title,"Таверна не для слабаков","No weaklings in this tavern","Bu meyhane zayıflara göre değil","Esta taberna no es para débiles","Esta taverna não é para fracos","Keine Schwächlinge in dieser Taverne","Pas de faibles dans cette taverne"
opp.claw_dread,"Грозная Клешня","Dread Claw","Korkunç Kıskaç","Pinza la Temible","Pinça Temível","Schreckliche Schere","Pince la Redoutable"
opp.claw_dread.title,"Прилив наступает","The tide is rising","Gelgit yükseliyor","Sube la marea","A maré está subindo","Die Flut steigt","La marée monte"
opp.captain_dread,"Грозный Капитан","Dread Captain","Korkunç Kaptan","Capitán Temible","Capitão Temível","Schrecklicher Kapitän","Capitaine Redoutable"
opp.captain_dread.title,"Последний шторм","The final storm","Son fırtına","La última tormenta","A última tempestade","Der letzte Sturm","La dernière tempête"
item.skin_dread_agafya,"Сундучные","Chest dice","Sandık zarları","Dados del cofre","Dados do baú","Truhenwürfel","Dés du coffre"
item.skin_dread_bo,"Трактирные","Tavern dice","Meyhane zarları","Dados de taberna","Dados de taverna","Tavernenwürfel","Dés de taverne"
item.skin_dread_claw,"Коралловые","Coral dice","Mercan zarları","Dados de coral","Dados de coral","Korallenwürfel","Dés de corail"
item.skin_dread_captain,"Чёрная метка","Black Spot","Kara Leke","Mancha Negra","Marca Negra","Schwarzer Fleck","Tache Noire"
hint.dread_agafya,"Победите Грозную Агафью","Beat Dread Agafya","Korkunç Agafya'yı yen","Vence a Agafia la Temible","Vença a Agáfia Temível","Besiege die Schreckliche Agafja","Battez Agafia la Redoutable"
hint.dread_bo,"Победите Грозного Бо","Beat Dread Bo","Korkunç Bo'yu yen","Vence a Bo el Temible","Vença o Bo Temível","Besiege den Schrecklichen Bo","Battez Bo le Redoutable"
hint.dread_claw,"Победите Грозную Клешню","Beat Dread Claw","Korkunç Kıskaç'ı yen","Vence a Pinza la Temible","Vença a Pinça Temível","Besiege die Schreckliche Schere","Battez Pince la Redoutable"
hint.dread_captain,"Победите Грозного Капитана","Beat Dread Captain","Korkunç Kaptan'ı yen","Vence al Capitán Temible","Vença o Capitão Temível","Besiege den Schrecklichen Kapitän","Battez le Capitaine Redoutable"
reward.diceSkin,"вид костей «{0}»","dice skin «{0}»","zar görünümü «{0}»","aspecto de dados «{0}»","visual de dados «{0}»","Würfeldesign «{0}»","apparence de dés «{0}»"
mode.notReady,"Режим ещё не настроен: запустите Zonk/Setup/Build Everything","This mode is not set up yet","Bu mod henüz hazır değil","Este modo aún no está listo","Este modo ainda não está pronto","Dieser Modus ist noch nicht eingerichtet","Ce mode n'est pas encore prêt"
mode.endlessRun,"Бесконечный забег","Endless Run","Sonsuz Koşu","Carrera infinita","Corrida infinita","Endloser Lauf","Course sans fin"
mode.tower,"Башня","Tower","Kule","Torre","Torre","Turm","Tour"
run.about,"Этаж за этажом против случайных соперников. Враги крепнут, но после каждой победы вы выбираете находку. Проигрыш забирает сердце, сердца кончились — забег окончен. Как далеко вы пройдёте?","Floor after floor against random opponents. Enemies grow stronger, but after each win you pick a boon. A loss costs a heart; out of hearts, the run is over. How far will you get?","Rastgele rakiplere karşı kat kat ilerle. Düşmanlar güçlenir ama her galibiyetten sonra bir kazanç seçersin. Yenilgi bir kalp götürür; kalpler bitince koşu biter. Ne kadar ilerleyebilirsin?","Piso tras piso contra rivales al azar. Los enemigos se fortalecen, pero tras cada victoria eliges una mejora. Perder cuesta un corazón; sin corazones, se acabó. ¿Hasta dónde llegarás?","Andar após andar contra rivais aleatórios. Os inimigos ficam mais fortes, mas após cada vitória você escolhe um bônus. Perder custa um coração; sem corações, acabou. Até onde você vai?","Stockwerk um Stockwerk gegen zufällige Gegner. Die Feinde werden stärker, doch nach jedem Sieg wählst du einen Fund. Eine Niederlage kostet ein Herz; ohne Herzen ist der Lauf vorbei. Wie weit kommst du?","Étage après étage contre des adversaires au hasard. Les ennemis se renforcent, mais après chaque victoire vous choisissez un bonus. Une défaite coûte un cœur ; sans cœurs, la course s'arrête. Jusqu'où irez-vous ?"
run.best,"Ваш рекорд: этаж {0}","Your record: floor {0}","Rekorun: {0}. kat","Tu récord: piso {0}","Seu recorde: andar {0}","Dein Rekord: Stockwerk {0}","Votre record : étage {0}"
run.current,"Текущий забег: этаж {0}, сердец: {1}","Current run: floor {0}, hearts: {1}","Mevcut koşu: {0}. kat, kalp: {1}","Carrera actual: piso {0}, corazones: {1}","Corrida atual: andar {0}, corações: {1}","Aktueller Lauf: Stockwerk {0}, Herzen: {1}","Course en cours : étage {0}, cœurs : {1}"
run.continue,"Продолжить: этаж {0}","Continue: floor {0}","Devam: {0}. kat","Continuar: piso {0}","Continuar: andar {0}","Weiter: Stockwerk {0}","Continuer : étage {0}"
run.newRun,"Новый забег","New run","Yeni koşu","Nueva carrera","Nova corrida","Neuer Lauf","Nouvelle course"
run.start,"Начать забег","Start a run","Koşuya başla","Empezar carrera","Começar corrida","Lauf starten","Commencer la course"
run.startCost,"Начать забег (энергия: {0})","Start a run (energy: {0})","Koşuya başla (enerji: {0})","Empezar carrera (energía: {0})","Começar corrida (energia: {0})","Lauf starten (Energie: {0})","Commencer (énergie : {0})"
run.abandonConfirm,"Закончить текущий забег (этаж {0}) и начать новый?","End the current run (floor {0}) and start a new one?","Mevcut koşuyu ({0}. kat) bitirip yenisine başlansın mı?","¿Terminar la carrera actual (piso {0}) y empezar otra?","Encerrar a corrida atual (andar {0}) e começar outra?","Aktuellen Lauf (Stockwerk {0}) beenden und neu starten?","Terminer la course en cours (étage {0}) et en commencer une nouvelle ?"
run.next,"Дальше","Next","İleri","Seguir","Seguir","Weiter","Suivant"
run.retry,"Переиграть этаж","Replay the floor","Katı tekrar oyna","Repetir el piso","Repetir o andar","Stockwerk wiederholen","Rejouer l'étage"
run.heartLost,"Потеряно сердце. Осталось: {0}","A heart is lost. Left: {0}","Bir kalp gitti. Kalan: {0}","Pierdes un corazón. Quedan: {0}","Você perdeu um coração. Restam: {0}","Ein Herz verloren. Übrig: {0}","Un cœur perdu. Restant : {0}"
run.noHearts,"Сердца кончились","No hearts left","Kalp kalmadı","Sin corazones","Sem corações","Keine Herzen mehr","Plus de cœurs"
run.target,"Цель партии: {0}","Match goal: {0}","Maç hedefi: {0}","Objetivo: {0}","Meta da partida: {0}","Spielziel: {0}","Objectif : {0}"
run.hearts,"Сердец: {0}","Hearts: {0}","Kalp: {0}","Corazones: {0}","Corações: {0}","Herzen: {0}","Cœurs : {0}"
run.enemyPower,"Сила очков соперника: {0}%","Opponent's scoring power: {0}%","Rakibin puan gücü: %{0}","Poder de puntos del rival: {0}%","Força de pontos do rival: {0}%","Punktestärke des Gegners: {0}%","Puissance de points de l'adversaire : {0} %"
run.newRule,"Новое правило:","New rule:","Yeni kural:","Nueva regla:","Nova regra:","Neue Regel:","Nouvelle règle :"
run.floor,"Этаж {0}","Floor {0}","{0}. kat","Piso {0}","Andar {0}","Stockwerk {0}","Étage {0}"
run.floorGuardian,"Этаж {0} — страж","Floor {0}: guardian","{0}. kat: bekçi","Piso {0}: guardián","Andar {0}: guardião","Stockwerk {0}: Wächter","Étage {0} : gardien"
run.fight,"В бой","Fight","Savaş","A luchar","Lutar","Kämpfen","Combattre"
run.toMenu,"В меню (забег сохранится)","Menu (progress is saved)","Menü (ilerleme kaydedilir)","Menú (se guarda el progreso)","Menu (o progresso fica salvo)","Menü (Fortschritt bleibt)","Menu (progression sauvegardée)"
run.yourPerks,"Ваши находки:","Your boons:","Kazançların:","Tus mejoras:","Seus bônus:","Deine Funde:","Vos bonus :"
run.noPerks,"пока нет","none yet","henüz yok","aún no hay","ainda não há","noch keine","aucun pour l'instant"
run.choosePerk,"Победа! Выберите находку","Victory! Pick a boon","Zafer! Bir kazanç seç","¡Victoria! Elige una mejora","Vitória! Escolha um bônus","Sieg! Wähle einen Fund","Victoire ! Choisissez un bonus"
run.perk.combo,"<b>Мастерство</b>","<b>Mastery</b>","<b>Ustalık</b>","<b>Maestría</b>","<b>Maestria</b>","<b>Meisterschaft</b>","<b>Maîtrise</b>"
run.perk.die,"<b>Особая кость</b>","<b>Special die</b>","<b>Özel zar</b>","<b>Dado especial</b>","<b>Dado especial</b>","<b>Besonderer Würfel</b>","<b>Dé spécial</b>"
run.perk.heart,"<b>Сердце</b>","<b>Heart</b>","<b>Kalp</b>","<b>Corazón</b>","<b>Coração</b>","<b>Herz</b>","<b>Cœur</b>"
run.perk.heartText,"Сердец станет: {0}","Hearts: {0}","Kalp: {0}","Corazones: {0}","Corações: {0}","Herzen: {0}","Cœurs : {0}"
run.newRecord,"Новый рекорд: этаж {0}!","New record: floor {0}!","Yeni rekor: {0}. kat!","¡Nuevo récord: piso {0}!","Novo recorde: andar {0}!","Neuer Rekord: Stockwerk {0}!","Nouveau record : étage {0} !"
run.heartGained,"Страж повержен: +{0} сердце","Guardian defeated: +{0} heart","Bekçi yenildi: +{0} kalp","Guardián vencido: +{0} corazón","Guardião derrotado: +{0} coração","Wächter besiegt: +{0} Herz","Gardien vaincu : +{0} cœur"
run.milestone,"Рубеж {0} этажей: награда!","Milestone {0} floors: reward!","{0} kat eşiği: ödül!","Hito de {0} pisos: ¡premio!","Marco de {0} andares: prêmio!","Meilenstein {0} Stockwerke: Belohnung!","Palier de {0} étages : récompense !"
run.reviveAsk,"Сердца кончились. Посмотреть рекламу и продолжить с одним сердцем? (один раз)","Out of hearts. Watch an ad to continue with one heart? (once)","Kalpler bitti. Reklam izleyip tek kalple devam edilsin mi? (bir kez)","Sin corazones. ¿Ver un anuncio y seguir con un corazón? (una vez)","Sem corações. Ver um anúncio e continuar com um coração? (uma vez)","Keine Herzen mehr. Werbung ansehen und mit einem Herz weiter? (einmal)","Plus de cœurs. Regarder une pub pour continuer avec un cœur ? (une fois)"
run.over,"Забег окончен: пройдено этажей — {0}. Рекорд: {1}","Run over: floors cleared: {0}. Record: {1}","Koşu bitti: geçilen kat: {0}. Rekor: {1}","Carrera terminada: pisos superados: {0}. Récord: {1}","Corrida encerrada: andares vencidos: {0}. Recorde: {1}","Lauf vorbei: geschaffte Stockwerke: {0}. Rekord: {1}","Course terminée : étages franchis : {0}. Record : {1}"
tower.about,"Башня из {0} этажей: на каждом свой соперник и свои правила. Каждые {1} этажей — рубеж: дальше попытки начинаются с него. На попытку — сердец: {2}.","A tower of {0} floors, each with its own opponent and rules. Every {1} floors is a checkpoint: later attempts start there. Hearts per attempt: {2}.","{0} katlı kule: her katta ayrı rakip ve kurallar. Her {1} katta bir eşik: sonraki denemeler oradan başlar. Deneme başına kalp: {2}.","Una torre de {0} pisos, cada uno con su rival y sus reglas. Cada {1} pisos hay un punto de control: los intentos empiezan desde ahí. Corazones por intento: {2}.","Uma torre de {0} andares, cada um com seu rival e suas regras. A cada {1} andares há um ponto de controle: as tentativas começam dali. Corações por tentativa: {2}.","Ein Turm aus {0} Stockwerken, jedes mit eigenem Gegner und eigenen Regeln. Alle {1} Stockwerke ein Kontrollpunkt: Versuche beginnen dort. Herzen pro Versuch: {2}.","Une tour de {0} étages, chacun avec son adversaire et ses règles. Tous les {1} étages, un palier : les tentatives reprennent de là. Cœurs par tentative : {2}."
tower.checkpoint,"Рубеж: пройдено {0} из {1}","Checkpoint: {0} of {1} cleared","Eşik: {1} kattan {0} geçildi","Punto de control: {0} de {1}","Ponto de controle: {0} de {1}","Kontrollpunkt: {0} von {1}","Palier : {0} sur {1}"
tower.best,"Лучший результат: {0} из {1}","Best: {0} of {1}","En iyi: {1} kattan {0}","Mejor: {0} de {1}","Melhor: {0} de {1}","Bestes: {0} von {1}","Meilleur : {0} sur {1}"
tower.complete,"Башня пройдена! Можно подняться снова — награды уже получены.","Tower cleared! You can climb again; rewards are already claimed.","Kule tamamlandı! Tekrar tırmanabilirsin; ödüller alındı.","¡Torre superada! Puedes volver a subir; los premios ya son tuyos.","Torre concluída! Dá para subir de novo; os prêmios já são seus.","Turm geschafft! Du kannst erneut klettern; die Belohnungen hast du schon.","Tour terminée ! Vous pouvez remonter ; les récompenses sont déjà obtenues."
tower.current,"Идёт попытка: этаж {0}, сердец: {1}","Attempt in progress: floor {0}, hearts: {1}","Deneme sürüyor: {0}. kat, kalp: {1}","Intento en curso: piso {0}, corazones: {1}","Tentativa em andamento: andar {0}, corações: {1}","Versuch läuft: Stockwerk {0}, Herzen: {1}","Tentative en cours : étage {0}, cœurs : {1}"
tower.continue,"Продолжить: этаж {0}","Continue: floor {0}","Devam: {0}. kat","Continuar: piso {0}","Continuar: andar {0}","Weiter: Stockwerk {0}","Continuer : étage {0}"
tower.start,"Подняться с этажа {0}","Climb from floor {0}","{0}. kattan tırman","Subir desde el piso {0}","Subir do andar {0}","Ab Stockwerk {0} klettern","Monter depuis l'étage {0}"
tower.startCost,"Подняться с этажа {0} (энергия: {1})","Climb from floor {0} (energy: {1})","{0}. kattan tırman (enerji: {1})","Subir desde el piso {0} (energía: {1})","Subir do andar {0} (energia: {1})","Ab Stockwerk {0} klettern (Energie: {1})","Monter depuis l'étage {0} (énergie : {1})"
tower.floor,"Этаж {0} из {1}","Floor {0} of {1}","{1} kattan {0}.","Piso {0} de {1}","Andar {0} de {1}","Stockwerk {0} von {1}","Étage {0} sur {1}"
tower.floorGuardian,"Этаж {0} из {1} — страж","Floor {0} of {1}: guardian","{1} kattan {0}.: bekçi","Piso {0} de {1}: guardián","Andar {0} de {1}: guardião","Stockwerk {0} von {1}: Wächter","Étage {0} sur {1} : gardien"
tower.reward,"За первое прохождение: {0}","First clear reward: {0}","İlk geçiş ödülü: {0}","Premio por la primera vez: {0}","Prêmio pela primeira vez: {0}","Belohnung beim ersten Mal: {0}","Récompense du premier passage : {0}"
tower.next,"Выше","Climb on","Yukarı","Subir","Subir","Weiter hoch","Monter"
tower.checkpointReached,"Рубеж {0}: дальше попытки начнутся отсюда","Checkpoint {0}: attempts will start here","{0}. eşik: denemeler buradan başlayacak","Punto de control {0}: los intentos empezarán aquí","Ponto de controle {0}: as tentativas começarão aqui","Kontrollpunkt {0}: Versuche starten hier","Palier {0} : les tentatives reprendront ici"
tower.completed,"Вы покорили башню!","You conquered the tower!","Kuleyi fethettin!","¡Conquistaste la torre!","Você conquistou a torre!","Du hast den Turm bezwungen!","Vous avez conquis la tour !"
tower.attemptOver,"Попытка окончена. Следующая — с этажа {0}","Attempt over. The next one starts on floor {0}","Deneme bitti. Sıradaki {0}. kattan başlar","Intento terminado. El siguiente empieza en el piso {0}","Tentativa encerrada. A próxima começa no andar {0}","Versuch vorbei. Der nächste beginnt auf Stockwerk {0}","Tentative terminée. La prochaine commence à l'étage {0}"
leaderboard.endless,"Бесконечный забег","Endless Run","Sonsuz Koşu","Carrera infinita","Corrida infinita","Endloser Lauf","Course sans fin"
leaderboard.tower,"Башня","Tower","Kule","Torre","Torre","Turm","Tour"
tutorial.EndlessRun,"Бесконечный забег: после каждой победы выберите находку — она усилит вас до конца забега. Враги тоже крепнут, а каждый 10-й этаж охраняет страж.","Endless Run: after each win, pick a boon — it lasts until the run ends. Enemies grow stronger too, and every 10th floor has a guardian.","Sonsuz Koşu: her galibiyetten sonra bir kazanç seç, koşu bitene kadar sürer. Düşmanlar da güçlenir, her 10. katta bir bekçi var.","Carrera infinita: tras cada victoria elige una mejora que dura toda la carrera. Los enemigos también se fortalecen, y cada 10 pisos hay un guardián.","Corrida infinita: após cada vitória escolha um bônus que dura a corrida toda. Os inimigos também ficam mais fortes, e a cada 10 andares há um guardião.","Endloser Lauf: Wähle nach jedem Sieg einen Fund — er gilt bis zum Ende des Laufs. Auch die Feinde werden stärker, und jedes 10. Stockwerk bewacht ein Wächter.","Course sans fin : après chaque victoire, choisissez un bonus valable toute la course. Les ennemis se renforcent aussi, et chaque 10e étage a un gardien."
tutorial.Tower,"Башня: поднимайтесь этаж за этажом. На рубежах прогресс сохраняется навсегда, а за первое прохождение каждого этажа — награда.","Tower: climb floor by floor. Checkpoints save your progress for good, and each floor rewards you the first time.","Kule: kat kat tırman. Eşiklerde ilerleme kalıcı olarak kaydedilir, her katın ilk geçişi ödüllüdür.","Torre: sube piso a piso. En los puntos de control el progreso se guarda para siempre, y cada piso da premio la primera vez.","Torre: suba andar por andar. Nos pontos de controle o progresso fica salvo para sempre, e cada andar dá prêmio na primeira vez.","Turm: Klettere Stockwerk für Stockwerk. Kontrollpunkte sichern den Fortschritt dauerhaft, und jedes Stockwerk belohnt dich beim ersten Mal.","Tour : montez étage par étage. Les paliers sauvegardent votre progression pour de bon, et chaque étage récompense le premier passage."
level.xpGained,"+{0} опыта","+{0} XP","+{0} TP","+{0} EXP","+{0} XP","+{0} EP","+{0} XP"
level.firstWin,"Первая победа дня: +{0}","First win of the day: +{0}","Günün ilk zaferi: +{0}","Primera victoria del día: +{0}","Primeira vitória do dia: +{0}","Erster Sieg des Tages: +{0}","Première victoire du jour : +{0}"
level.up,"Новый уровень: {0}!","Level up: {0}!","Yeni seviye: {0}!","¡Nuevo nivel: {0}!","Novo nível: {0}!","Neues Level: {0}!","Nouveau niveau : {0} !"
level.locked,"Откроется на уровне {0}","Unlocks at level {0}","{0}. seviyede açılır","Se desbloquea en el nivel {0}","Desbloqueia no nível {0}","Ab Level {0} verfügbar","Débloqué au niveau {0}"
level.lockedButton,"{0} · ур. {1}","{0} · Lv. {1}","{0} · Sv. {1}","{0} · Nv. {1}","{0} · Nv. {1}","{0} · Lv. {1}","{0} · Niv. {1}"
profile.title,"Профиль","Profile","Profil","Perfil","Perfil","Profil","Profil"
stats.general,"Общее","General","Genel","General","Geral","Allgemein","Général"
stats.level,"Уровень","Level","Seviye","Nivel","Nível","Level","Niveau"
stats.levelValue,"{0} ({1} / {2})","{0} ({1} / {2})","{0} ({1} / {2})","{0} ({1} / {2})","{0} ({1} / {2})","{0} ({1} / {2})","{0} ({1} / {2})"
stats.matches,"Партий сыграно","Matches played","Oynanan maç","Partidas jugadas","Partidas jogadas","Gespielte Partien","Parties jouées"
stats.wins,"Победы","Wins","Galibiyetler","Victorias","Vitórias","Siege","Victoires"
stats.winsOf,"{0} из {1} ({2})","{0} of {1} ({2})","{1} maçta {0} ({2})","{0} de {1} ({2})","{0} de {1} ({2})","{0} von {1} ({2})","{0} sur {1} ({2})"
stats.bestStreak,"Лучшая серия побед","Best win streak","En iyi galibiyet serisi","Mejor racha de victorias","Melhor sequência de vitórias","Längste Siegesserie","Meilleure série de victoires"
stats.currentStreak,"Текущая серия побед","Current win streak","Mevcut galibiyet serisi","Racha actual","Sequência atual","Aktuelle Siegesserie","Série en cours"
stats.timePlayed,"Время в партиях","Time in matches","Maçlarda geçen süre","Tiempo en partidas","Tempo em partidas","Zeit in Partien","Temps en partie"
stats.timeValue,"{0} ч {1} мин","{0} h {1} min","{0} sa {1} dk","{0} h {1} min","{0} h {1} min","{0} Std. {1} Min.","{0} h {1} min"
stats.modes,"Режимы","Modes","Modlar","Modos","Modos","Modi","Modes"
stats.bosses,"Против боссов","Against bosses","Patronlara karşı","Contra jefes","Contra chefes","Gegen Bosse","Contre les boss"
stats.turns,"Броски и ходы","Rolls and turns","Atışlar ve turlar","Tiradas y turnos","Lances e turnos","Würfe und Züge","Lancers et tours"
stats.rolls,"Бросков","Rolls","Atış","Tiradas","Lances","Würfe","Lancers"
stats.zonks,"Зонков","Zonks","Zonk","Zonks","Zonks","Zonks","Zonks"
stats.countShare,"{0} ({1})","{0} ({1})","{0} ({1})","{0} ({1})","{0} ({1})","{0} ({1})","{0} ({1})"
stats.bestTurn,"Лучший ход","Best turn","En iyi tur","Mejor turno","Melhor turno","Bester Zug","Meilleur tour"
stats.avgTurn,"Средний ход","Average turn","Ortalama tur","Turno medio","Turno médio","Durchschnittlicher Zug","Tour moyen"
stats.points,"Очков набрано","Points scored","Kazanılan puan","Puntos conseguidos","Pontos marcados","Erzielte Punkte","Points marqués"
stats.hotDice,"Горячих костей","Hot dice","Sıcak zar","Dados calientes","Dados quentes","Heiße Würfel","Dés brûlants"
stats.combos,"Комбинации","Combinations","Kombinasyonlar","Combinaciones","Combinações","Kombinationen","Combinaisons"
stats.combo.straight,"Стрит","Straight","Kent","Escalera","Sequência","Straße","Suite"
stats.combo.threePairs,"Три пары","Three pairs","Üç çift","Tres parejas","Três pares","Drei Paare","Trois paires"
stats.combo.three,"Три одинаковых","Three of a kind","Üçlü","Trío","Trinca","Drilling","Brelan"
stats.combo.four,"Четыре одинаковых","Four of a kind","Dörtlü","Póker","Quadra","Vierling","Carré"
stats.combo.five,"Пять одинаковых","Five of a kind","Beşli","Cinco iguales","Cinco iguais","Fünfling","Cinq identiques"
stats.combo.six,"Шесть одинаковых","Six of a kind","Altılı","Seis iguales","Seis iguais","Sechsling","Six identiques"
stats.luck,"Удача","Luck","Şans","Suerte","Sorte","Glück","Chance"
stats.luckVerdict,"Ваша удача","Your luck","Şansınız","Tu suerte","Sua sorte","Dein Glück","Votre chance"
stats.luckFew,"Ещё {0} бросков обычными костями","{0} more rolls with standard dice","Normal zarlarla {0} atış daha","{0} tiradas más con dados normales","Mais {0} lances com dados normais","Noch {0} Würfe mit normalen Würfeln","Encore {0} lancers avec des dés normaux"
stats.luckGood,"Везучее честных костей на {0}%","{0}% luckier than fair dice","Adil zarlardan %{0} daha şanslı","{0}% más suerte que dados justos","{0}% mais sorte que dados justos","{0}% mehr Glück als faire Würfel","{0} % plus chanceux que des dés justes"
stats.luckBad,"Кости строже честных на {0}%","Dice are {0}% harsher than fair","Zarlar adilden %{0} daha sert","Dados {0}% más duros que los justos","Dados {0}% mais duros que os justos","Würfel {0}% strenger als faire","Dés {0} % plus durs que des dés justes"
stats.luckEven,"Ровно как у честных костей","Exactly like fair dice","Tam adil zarlar gibi","Igual que dados justos","Igual a dados justos","Genau wie faire Würfel","Exactement comme des dés justes"
stats.luckZonks,"Зонки на обычных костях","Zonks on standard dice","Normal zarlarda Zonk","Zonks con dados normales","Zonks com dados normais","Zonks mit normalen Würfeln","Zonks avec des dés normaux"
stats.luckZonksValue,"{0} (честно ~{1})","{0} (fair ~{1})","{0} (adil ~{1})","{0} (justo ~{1})","{0} (justo ~{1})","{0} (fair ~{1})","{0} (juste ~{1})"
stats.onesFives,"Единицы и пятёрки","Ones and fives","Birler ve beşler","Unos y cincos","Uns e cincos","Einsen und Fünfen","As et cinq"
stats.onesFivesValue,"{0}% (честно {1}%)","{0}% (fair {1}%)","%{0} (adil %{1})","{0}% (justo {1}%)","{0}% (justo {1}%)","{0}% (fair {1}%)","{0} % (juste {1} %)"
stats.dice,"Особые кости","Special dice","Özel zarlar","Dados especiales","Dados especiais","Spezialwürfel","Dés spéciaux"
stats.favoriteDie,"Любимая кость","Favorite die","Favori zar","Dado favorito","Dado favorito","Lieblingswürfel","Dé préféré"
hint.level5,"Награда за уровень 5","Level 5 reward","5. seviye ödülü","Recompensa del nivel 5","Recompensa do nível 5","Belohnung für Level 5","Récompense du niveau 5"
hint.level10,"Награда за уровень 10","Level 10 reward","10. seviye ödülü","Recompensa del nivel 10","Recompensa do nível 10","Belohnung für Level 10","Récompense du niveau 10"
hint.level15,"Награда за уровень 15","Level 15 reward","15. seviye ödülü","Recompensa del nivel 15","Recompensa do nível 15","Belohnung für Level 15","Récompense du niveau 15"
hint.level20,"Награда за уровень 20","Level 20 reward","20. seviye ödülü","Recompensa del nivel 20","Recompensa do nível 20","Belohnung für Level 20","Récompense du niveau 20"
hint.level25,"Награда за уровень 25","Level 25 reward","25. seviye ödülü","Recompensa del nivel 25","Recompensa do nível 25","Belohnung für Level 25","Récompense du niveau 25"
hint.level30,"Награда за уровень 30","Level 30 reward","30. seviye ödülü","Recompensa del nivel 30","Recompensa do nível 30","Belohnung für Level 30","Récompense du niveau 30"
hint.level40,"Награда за уровень 40","Level 40 reward","40. seviye ödülü","Recompensa del nivel 40","Recompensa do nível 40","Belohnung für Level 40","Récompense du niveau 40"
hint.level50,"Награда за уровень 50","Level 50 reward","50. seviye ödülü","Recompensa del nivel 50","Recompensa do nível 50","Belohnung für Level 50","Récompense du niveau 50"
hint.level75,"Награда за уровень 75","Level 75 reward","75. seviye ödülü","Recompensa del nivel 75","Recompensa do nível 75","Belohnung für Level 75","Récompense du niveau 75"
hint.chest,"Можно найти в сундуке","Can be found in a chest","Sandıktan çıkabilir","Puede salir de un cofre","Pode sair de um baú","Kann in einer Truhe stecken","Peut se trouver dans un coffre"
hint.achievement,"Награда за достижение","Achievement reward","Başarım ödülü","Recompensa de logro","Recompensa de conquista","Belohnung für einen Erfolg","Récompense de succès"
rarity.common,"обычный","common","sıradan","común","comum","gewöhnlich","commun"
rarity.rare,"редкий","rare","nadir","raro","raro","selten","rare"
rarity.legendary,"легендарный","legendary","efsanevi","legendario","lendário","legendär","légendaire"
slot.avatar,"Аватар","Avatar","Avatar","Avatar","Avatar","Avatar","Avatar"
slot.frame,"Рамка","Frame","Çerçeve","Marco","Moldura","Rahmen","Cadre"
profile.stats,"Статистика","Statistics","İstatistikler","Estadísticas","Estatísticas","Statistik","Statistiques"
profile.look,"Облик","Look","Görünüm","Aspecto","Visual","Aussehen","Apparence"
profile.avatars,"Аватары","Avatars","Avatarlar","Avatares","Avatares","Avatare","Avatars"
profile.frames,"Рамки","Frames","Çerçeveler","Marcos","Molduras","Rahmen","Cadres"
profile.lookHint,"Нажмите на аватар или рамку. Серые ещё не открыты.","Tap an avatar or frame. Gray ones are still locked.","Bir avatara veya çerçeveye dokunun. Griler henüz kilitli.","Toca un avatar o marco. Los grises aún están bloqueados.","Toque em um avatar ou moldura. Os cinza ainda estão bloqueados.","Tippe auf einen Avatar oder Rahmen. Graue sind noch gesperrt.","Touchez un avatar ou un cadre. Les gris sont encore verrouillés."
profile.equipped,"Выбрано: {0}","Selected: {0}","Seçildi: {0}","Elegido: {0}","Escolhido: {0}","Gewählt: {0}","Choisi : {0}"
profile.lockedInfo,"{0}. {1}","{0}. {1}","{0}. {1}","{0}. {1}","{0}. {1}","{0}. {1}","{0}. {1}"
item.avatar_die,"Кость","Die","Zar","Dado","Dado","Würfel","Dé"
item.avatar_star,"Звезда","Star","Yıldız","Estrella","Estrela","Stern","Étoile"
item.avatar_moon,"Месяц","Moon","Hilal","Luna","Lua","Mond","Lune"
item.avatar_clover,"Клевер","Clover","Yonca","Trébol","Trevo","Klee","Trèfle"
item.avatar_heart,"Сердце","Heart","Kalp","Corazón","Coração","Herz","Cœur"
item.avatar_diamond,"Бриллиант","Diamond","Elmas","Diamante","Diamante","Diamant","Diamant"
item.avatar_bolt,"Молния","Lightning","Şimşek","Rayo","Raio","Blitz","Éclair"
item.avatar_eye,"Глаз","Eye","Göz","Ojo","Olho","Auge","Œil"
item.avatar_skull,"Череп","Skull","Kafatası","Calavera","Caveira","Totenkopf","Crâne"
item.avatar_crown,"Корона","Crown","Taç","Corona","Coroa","Krone","Couronne"
item.avatar_sun,"Солнце","Sun","Güneş","Sol","Sol","Sonne","Soleil"
item.avatar_six,"Шесть шестёрок","Six sixes","Altı altı","Seis seises","Seis seis","Sechs Sechsen","Six six"
item.frame_wood,"Деревянная","Wooden","Ahşap","De madera","De madeira","Holz","En bois"
item.frame_silver,"Серебряная","Silver","Gümüş","De plata","De prata","Silber","En argent"
item.frame_rope,"Верёвочная","Rope","Halat","De cuerda","De corda","Seil","En corde"
item.frame_dots,"Звёздная россыпь","Starry dots","Yıldız noktaları","Puntos estelares","Pontos estelares","Sternpunkte","Points étoilés"
item.frame_double,"Двойная","Double","Çift","Doble","Dupla","Doppelt","Double"
item.frame_emerald,"Изумрудная","Emerald","Zümrüt","Esmeralda","Esmeralda","Smaragd","Émeraude"
item.frame_ruby,"Рубиновая","Ruby","Yakut","Rubí","Rubi","Rubin","Rubis"
item.frame_gold,"Золотая","Golden","Altın","Dorado","Dourada","Golden","Dorée"
item.frame_fire,"Огненная","Fiery","Ateşli","Ardiente","Flamejante","Feurig","Ardente"
item.frame_royal,"Королевская","Royal","Kraliyet","Real","Real","Königlich","Royale"
chest.earned,"Сундук за победы! Откройте в меню","Victory chest! Open it in the menu","Zafer sandığı! Menüde açın","¡Cofre de victorias! Ábrelo en el menú","Baú de vitórias! Abra no menu","Siegestruhe! Öffne sie im Menü","Coffre de victoires ! Ouvrez-le dans le menu"
chest.title,"Сундук","Chest","Sandık","Cofre","Baú","Truhe","Coffre"
chest.open,"Открыть","Open","Aç","Abrir","Abrir","Öffnen","Ouvrir"
chest.ready,"Сундуков: {0}","Chests: {0}","Sandık: {0}","Cofres: {0}","Baús: {0}","Truhen: {0}","Coffres : {0}"
chest.next,"До сундука побед: {0}","Wins until next chest: {0}","Sonraki sandığa kalan zafer: {0}","Victorias para el cofre: {0}","Vitórias até o baú: {0}","Siege bis zur Truhe: {0}","Victoires avant le coffre : {0}"
chest.gotItem,"{0} ({1})!","{0} ({1})!","{0} ({1})!","¡{0} ({1})!","{0} ({1})!","{0} ({1})!","{0} ({1}) !"
chest.gotPity,"Удача наконец улыбнулась: {0} ({1})!","Luck finally smiled: {0} ({1})!","Şans sonunda güldü: {0} ({1})!","¡Por fin sonrió la suerte: {0} ({1})!","A sorte finalmente sorriu: {0} ({1})!","Endlich lächelt das Glück: {0} ({1})!","La chance sourit enfin : {0} ({1}) !"
chest.menuReady,"Сундук ×{0}","Chest ×{0}","Sandık ×{0}","Cofre ×{0}","Baú ×{0}","Truhe ×{0}","Coffre ×{0}"
chest.menuProgress,"Сундук: {0}/{1} побед","Chest: {0}/{1} wins","Sandık: {0}/{1} zafer","Cofre: {0}/{1} victorias","Baú: {0}/{1} vitórias","Truhe: {0}/{1} Siege","Coffre : {0}/{1} victoires"
season.menu,"{0} · ступень {1}","{0} · step {1}","{0} · {1}. basamak","{0} · paso {1}","{0} · nível {1}","{0} · Stufe {1}","{0} · palier {1}"
season.none,"Сезон скоро начнётся","The season starts soon","Sezon yakında başlıyor","La temporada empieza pronto","A temporada começa em breve","Die Saison beginnt bald","La saison commence bientôt"
season.left,"Осталось: {0} д {1} ч","Left: {0} d {1} h","Kalan: {0} g {1} sa","Quedan: {0} d {1} h","Restam: {0} d {1} h","Noch: {0} T. {1} Std.","Reste : {0} j {1} h"
season.step,"Ступень {0} из {1}","Step {0} of {1}","{1} basamaktan {0}","Paso {0} de {1}","Nível {0} de {1}","Stufe {0} von {1}","Palier {0} sur {1}"
season.free,"Даром","Free","Ücretsiz","Gratis","Grátis","Gratis","Gratuit"
season.premium,"Пропуск","Pass","Bilet","Pase","Passe","Pass","Passe"
season.passOwned,"Пропуск куплен: забирайте все награды сезона","Pass owned: claim every season reward","Bilet alındı: tüm sezon ödüllerini alın","Pase comprado: reclama todas las recompensas","Passe comprado: resgate todas as recompensas","Pass gekauft: hol dir alle Saisonbelohnungen","Passe acheté : récupérez toutes les récompenses"
season.passPitch,"Пропуск открывает нижний ряд: эксклюзивные вещи сезона и больше монет. Купленный в середине — отдаёт всё пройденное","The pass unlocks the bottom row: exclusive season items and more coins. Bought mid-season, it gives everything already reached","Bilet alt sırayı açar: sezona özel eşyalar ve daha fazla altın. Sezon ortasında alınırsa geçilenleri de verir","El pase abre la fila inferior: objetos exclusivos y más monedas. Comprado a mitad, da todo lo alcanzado","O passe abre a fileira de baixo: itens exclusivos e mais moedas. Comprado no meio, dá tudo o que já alcançou","Der Pass öffnet die untere Reihe: exklusive Saisonsachen und mehr Münzen. Später gekauft, gibt er alles Erreichte","Le passe ouvre la rangée du bas : objets exclusifs et plus de pièces. Acheté en cours de saison, il donne tout ce qui est atteint"
season.passFallback,"Нижний ряд: за просмотр рекламы или даром, когда пройдёте ещё {0} ступеней","Bottom row: for an ad, or free once you are {0} steps further","Alt sıra: reklam izleyerek ya da {0} basamak ilerleyince ücretsiz","Fila inferior: por un anuncio o gratis al avanzar {0} pasos más","Fileira de baixo: por um anúncio ou grátis ao avançar mais {0} níveis","Untere Reihe: für Werbung oder gratis, wenn du {0} Stufen weiter bist","Rangée du bas : contre une pub ou gratuite {0} paliers plus loin"
season.buy,"Купить пропуск","Buy pass","Bilet al","Comprar pase","Comprar passe","Pass kaufen","Acheter le passe"
season.buyPrice,"Пропуск · {0}","Pass · {0}","Bilet · {0}","Pase · {0}","Passe · {0}","Pass · {0}","Passe · {0}"
season.passBought,"Пропуск сезона ваш!","The season pass is yours!","Sezon bileti sizin!","¡El pase de temporada es tuyo!","O passe da temporada é seu!","Der Saisonpass gehört dir!","Le passe de saison est à vous !"
season.claimed,"Получено","Claimed","Alındı","Recibido","Resgatado","Erhalten","Reçu"
season.forAd,"За рекламу","For an ad","Reklamla","Por anuncio","Por anúncio","Für Werbung","Contre une pub"
season.needsPass,"Нужен пропуск","Needs the pass","Bilet gerekli","Requiere pase","Requer passe","Pass nötig","Passe requis"
season.s1.name,"Пиратский сезон","Pirate Season","Korsan Sezonu","Temporada pirata","Temporada pirata","Piratensaison","Saison pirate"
hint.season,"Награда сезонного пути","Season path reward","Sezon yolu ödülü","Recompensa de temporada","Recompensa da temporada","Saisonbelohnung","Récompense de saison"
item.avatar_s1_skull,"Пиратский череп","Pirate skull","Korsan kafatası","Calavera pirata","Caveira pirata","Piratenschädel","Crâne pirate"
item.avatar_s1_star,"Морская звезда","Starfish","Deniz yıldızı","Estrella de mar","Estrela-do-mar","Seestern","Étoile de mer"
item.avatar_s1_moon,"Луна над морем","Moon over the sea","Deniz üstünde ay","Luna sobre el mar","Lua sobre o mar","Mond über dem Meer","Lune sur la mer"
item.frame_s1_rope,"Корабельный канат","Ship rope","Gemi halatı","Cuerda de barco","Corda de navio","Schiffstau","Cordage"
item.frame_s1_sea,"Морская пена","Sea foam","Deniz köpüğü","Espuma de mar","Espuma do mar","Meeresschaum","Écume"
item.frame_s1_captain,"Капитанская","Captain's","Kaptan","Del capitán","Do capitão","Kapitänsrahmen","Du capitaine"
profile.achievements,"Достижения","Achievements","Başarımlar","Logros","Conquistas","Erfolge","Succès"
profile.achievementsSummary,"Открыто: {0} из {1}","Unlocked: {0} of {1}","Açılan: {1} içinden {0}","Desbloqueados: {0} de {1}","Desbloqueadas: {0} de {1}","Freigeschaltet: {0} von {1}","Débloqués : {0} sur {1}"
profile.achievementReward,"Награда: {0}","Reward: {0}","Ödül: {0}","Recompensa: {0}","Recompensa: {0}","Belohnung: {0}","Récompense : {0}"
achievement.unlocked,"Достижение: {0}!","Achievement: {0}!","Başarım: {0}!","¡Logro: {0}!","Conquista: {0}!","Erfolg: {0}!","Succès : {0} !"
ach.wins,"Победитель","Winner","Kazanan","Ganador","Vencedor","Gewinner","Vainqueur"
ach.wins.desc,"Победы над соперниками: {0}","Wins against opponents: {0}","Rakiplere karşı zafer: {0}","Victorias contra rivales: {0}","Vitórias contra rivais: {0}","Siege gegen Gegner: {0}","Victoires contre des adversaires : {0}"
ach.matches,"Завсегдатай","Regular","Müdavim","Habitual","Frequentador","Stammgast","Habitué"
ach.matches.desc,"Сыграно партий: {0}","Matches played: {0}","Oynanan maç: {0}","Partidas jugadas: {0}","Partidas jogadas: {0}","Gespielte Partien: {0}","Parties jouées : {0}"
ach.bosses,"Гроза боссов","Boss slayer","Patron avcısı","Azote de jefes","Terror dos chefes","Bossbezwinger","Fléau des boss"
ach.bosses.desc,"Победы над боссами: {0}","Boss wins: {0}","Patron zaferi: {0}","Victorias contra jefes: {0}","Vitórias contra chefes: {0}","Siege gegen Bosse: {0}","Victoires contre des boss : {0}"
ach.streak,"Без промаха","Unstoppable","Durdurulamaz","Imparable","Imparável","Unaufhaltsam","Inarrêtable"
ach.streak.desc,"Побед подряд: {0}","Wins in a row: {0}","Üst üste zafer: {0}","Victorias seguidas: {0}","Vitórias seguidas: {0}","Siege in Folge: {0}","Victoires d'affilée : {0}"
ach.zonks,"Друг Зонка","Zonk's friend","Zonk'un dostu","Amigo del Zonk","Amigo do Zonk","Zonks Freund","Ami du Zonk"
ach.zonks.desc,"Зонков поймано: {0}","Zonks caught: {0}","Yakalanan Zonk: {0}","Zonks sufridos: {0}","Zonks sofridos: {0}","Erwischte Zonks: {0}","Zonks subis : {0}"
ach.hotdice,"Горячие руки","Hot hands","Sıcak eller","Manos calientes","Mãos quentes","Heiße Hände","Mains brûlantes"
ach.hotdice.desc,"Горячих костей: {0}","Hot dice: {0}","Sıcak zar: {0}","Dados calientes: {0}","Dados quentes: {0}","Heiße Würfel: {0}","Dés brûlants : {0}"
ach.points,"Копилка","Piggy bank","Kumbara","Hucha","Cofrinho","Sparschwein","Tirelire"
ach.points.desc,"Очков набрано: {0}","Points scored: {0}","Kazanılan puan: {0}","Puntos conseguidos: {0}","Pontos marcados: {0}","Erzielte Punkte: {0}","Points marqués : {0}"
ach.bestturn,"Большой куш","Big score","Büyük vurgun","Gran golpe","Grande tacada","Großer Wurf","Gros coup"
ach.bestturn.desc,"Очков за один ход: {0}","Points in one turn: {0}","Bir turda puan: {0}","Puntos en un turno: {0}","Pontos em um turno: {0}","Punkte in einem Zug: {0}","Points en un tour : {0}"
ach.straight,"По порядку","In order","Sırayla","En orden","Em ordem","Der Reihe nach","Dans l'ordre"
ach.straight.desc,"Стритов собрано: {0}","Straights made: {0}","Yapılan kent: {0}","Escaleras hechas: {0}","Sequências feitas: {0}","Gebildete Straßen: {0}","Suites réalisées : {0}"
ach.threepairs,"Парами","In pairs","Çiftler halinde","Por parejas","Em pares","Paarweise","Par paires"
ach.threepairs.desc,"Трёх пар собрано: {0}","Three pairs made: {0}","Yapılan üç çift: {0}","Tres parejas hechas: {0}","Três pares feitos: {0}","Drei Paare gebildet: {0}","Trois paires réalisées : {0}"
ach.fourkind,"Четвёрка","Foursome","Dörtlü","Póker","Quadra","Vierling","Carré"
ach.fourkind.desc,"Четырёх одинаковых: {0}","Four of a kind: {0}","Dörtlü: {0}","Póker: {0}","Quadras: {0}","Vierlinge: {0}","Carrés : {0}"
ach.fivekind,"Пятёрка","Fivesome","Beşli","Quintilla","Quina","Fünfling","Quinte"
ach.fivekind.desc,"Пяти одинаковых: {0}","Five of a kind: {0}","Beşli: {0}","Cinco iguales: {0}","Cinco iguais: {0}","Fünflinge: {0}","Cinq identiques : {0}"
ach.sixkind,"Невозможное","Impossible","İmkânsız","Imposible","Impossível","Unmöglich","Impossible"
ach.sixkind.desc,"Шесть одинаковых за один бросок","Six of a kind in one roll","Tek atışta altılı","Seis iguales en una tirada","Seis iguais em um lance","Sechs gleiche in einem Wurf","Six identiques en un lancer"
ach.level,"Опытный","Experienced","Tecrübeli","Experto","Experiente","Erfahren","Expérimenté"
ach.level.desc,"Уровень игрока: {0}","Player level: {0}","Oyuncu seviyesi: {0}","Nivel de jugador: {0}","Nível do jogador: {0}","Spielerlevel: {0}","Niveau du joueur : {0}"
ach.stars,"Звездочёт","Stargazer","Yıldızbilimci","Astrónomo","Astrônomo","Sterndeuter","Astronome"
ach.stars.desc,"Звёзд в кампании: {0}","Campaign stars: {0}","Sefer yıldızı: {0}","Estrellas de campaña: {0}","Estrelas da campanha: {0}","Kampagnensterne: {0}","Étoiles de campagne : {0}"
ach.tower,"Покоритель башни","Tower climber","Kule fatihi","Escalador de la torre","Escalador da torre","Turmstürmer","Conquérant de la tour"
ach.tower.desc,"Этаж башни: {0}","Tower floor: {0}","Kule katı: {0}","Piso de la torre: {0}","Andar da torre: {0}","Turmetage: {0}","Étage de la tour : {0}"
ach.endless,"Бегун","Runner","Koşucu","Corredor","Corredor","Läufer","Coureur"
ach.endless.desc,"Этаж «Бесконечного забега»: {0}","Endless Run floor: {0}","Sonsuz Koşu katı: {0}","Piso de la carrera infinita: {0}","Andar da corrida infinita: {0}","Etage im Endlosen Lauf: {0}","Étage de la course infinie : {0}"
ach.chests,"Кладоискатель","Treasure hunter","Hazine avcısı","Cazatesoros","Caçador de tesouros","Schatzsucher","Chasseur de trésors"
ach.chests.desc,"Сундуков открыто: {0}","Chests opened: {0}","Açılan sandık: {0}","Cofres abiertos: {0}","Baús abertos: {0}","Geöffnete Truhen: {0}","Coffres ouverts : {0}"
ach.dread,"Бесстрашный","Fearless","Korkusuz","Intrépido","Destemido","Furchtlos","Intrépide"
ach.dread.desc,"Грозных боссов побеждено: {0}","Dread bosses beaten: {0}","Yenilen korkunç patron: {0}","Jefes temibles vencidos: {0}","Chefes temíveis vencidos: {0}","Besiegte Schreckensbosse: {0}","Boss redoutables vaincus : {0}"
ach.mastery,"Мастер костей","Dice adept","Zar ustası","Maestro de dados","Mestre dos dados","Würfelmeister","Maître des dés"
ach.mastery.desc,"Особых костей с мастерством: {0}","Special dice with mastery: {0}","Ustalıklı özel zar: {0}","Dados especiales con maestría: {0}","Dados especiais com maestria: {0}","Spezialwürfel mit Meisterschaft: {0}","Dés spéciaux maîtrisés : {0}"
ach.mastergold,"Золотые руки","Golden touch","Altın dokunuş","Toque de oro","Toque de ouro","Goldenes Händchen","Doigts d'or"
ach.mastergold.desc,"Особых костей с золотым мастерством: {0}","Special dice with gold mastery: {0}","Altın ustalıklı özel zar: {0}","Dados especiales con maestría de oro: {0}","Dados especiais com maestria de ouro: {0}","Spezialwürfel mit Goldmeisterschaft: {0}","Dés spéciaux à maîtrise d'or : {0}"
ach.avatars,"Много лиц","Many faces","Çok yüzlü","Muchas caras","Muitas faces","Viele Gesichter","Mille visages"
ach.avatars.desc,"Открыто аватаров: {0}","Avatars unlocked: {0}","Açılan avatar: {0}","Avatares desbloqueados: {0}","Avatares desbloqueados: {0}","Freigeschaltete Avatare: {0}","Avatars débloqués : {0}"
ach.frames,"В рамке","Framed","Çerçeveli","Enmarcado","Emoldurado","Eingerahmt","Encadré"
ach.frames.desc,"Открыто рамок: {0}","Frames unlocked: {0}","Açılan çerçeve: {0}","Marcos desbloqueados: {0}","Molduras desbloqueadas: {0}","Freigeschaltete Rahmen: {0}","Cadres débloqués : {0}"
ach.hours,"Свой за столом","Table regular","Masanın müdavimi","Habitual de la mesa","Habitué da mesa","Stammspieler","Pilier de table"
ach.hours.desc,"Часов в партиях: {0}","Hours in matches: {0}","Maçlarda saat: {0}","Horas en partidas: {0}","Horas em partidas: {0}","Stunden in Partien: {0}","Heures en partie : {0}"
rule.opponentStarts,"Соперник ходит первым","The opponent goes first","Rakip ilk oynar","El rival empieza","O adversário começa","Der Gegner beginnt","L'adversaire commence"
item.env_tavern_night,"Таверна в полночь","Tavern at midnight","Gece yarısı meyhane","La taberna a medianoche","A taverna à meia-noite","Taverne um Mitternacht","La taverne à minuit"
item.env_beach_sunset,"Бухта на закате","Cove at sunset","Gün batımında koy","La cala al atardecer","A enseada ao pôr do sol","Bucht im Sonnenuntergang","La crique au coucher du soleil"
item.env_home_midnight,"Дом в полночь","Home at midnight","Gece yarısı ev","La casa a medianoche","A casa à meia-noite","Das Haus um Mitternacht","La maison à minuit"
chapter.garden,"Сад графини Розы","Countess Rose's garden","Kontes Rose'un bahçesi","El jardín de la condesa Rosa","O jardim da condessa Rosa","Der Garten der Gräfin Rosa","Le jardin de la comtesse Rose"
chapter.attic,"Пыльный чердак","The dusty attic","Tozlu çatı katı","El desván polvoriento","O sótão empoeirado","Der staubige Dachboden","Le grenier poussiéreux"
chapter.basement,"Подпольный клуб","The underground club","Yeraltı kulübü","El club clandestino","O clube clandestino","Der Untergrundclub","Le club clandestin"
chapter.tavern_night,"Таверна в полночь","Tavern at midnight","Gece yarısı meyhane","La taberna a medianoche","A taverna à meia-noite","Taverne um Mitternacht","La taverne à minuit"
chapter.beach_sunset,"Бухта контрабандистов","Smugglers' cove","Kaçakçılar koyu","La cala de los contrabandistas","A enseada dos contrabandistas","Die Schmugglerbucht","La crique des contrebandiers"
chapter.home_midnight,"Дом в полночь","Home at midnight","Gece yarısı ev","La casa a medianoche","A casa à meia-noite","Das Haus um Mitternacht","La maison à minuit"
story.rose,"Графиня Роза","Countess Rose","Kontes Rose","La condesa Rosa","A condessa Rosa","Gräfin Rosa","La comtesse Rose"
story.tikhon,"Старьёвщик Тихон","Tikhon the Junkman","Hurdacı Tihon","Tijón el trapero","Tíkhon, o sucateiro","Trödler Tichon","Tikhon le brocanteur"
story.krot,"Крот","The Mole","Köstebek","El Topo","O Toupeira","Der Maulwurf","La Taupe"
story.madame,"Мадам Полночь","Madame Midnight","Madam Geceyarısı","Madame Medianoche","Madame Meia-Noite","Madame Mitternacht","Madame Minuit"
story.sych,"Контрабандист Сыч","Owl the Smuggler","Kaçakçı Baykuş","Búho el contrabandista","Coruja, o contrabandista","Schmuggler Kauz","Hibou le contrebandier"
story.fortuna,"Фортуна","Fortune","Fortuna","Fortuna","Fortuna","Fortuna","Fortune"
story.ship.outro2,"Ты обыграл Чёрную Метку. Но Фортуны на корабле нет: говорят, её видели в саду графини Розы. Курс на берег!","You beat Black Spot. But Fortune isn't aboard: they say she was seen in Countess Rose's garden. Set course for the shore!","Kara Leke'yi yendin. Ama Fortuna gemide değil: onu Kontes Rose'un bahçesinde görmüşler. Rota kıyıya!","Venciste a Mancha Negra. Pero Fortuna no está a bordo: dicen que la vieron en el jardín de la condesa Rosa. ¡Rumbo a tierra!","Você venceu o Marca Negra. Mas a Fortuna não está a bordo: dizem que foi vista no jardim da condessa Rosa. Rumo à costa!","Du hast den Schwarzen Fleck geschlagen. Doch Fortuna ist nicht an Bord: Man sah sie im Garten der Gräfin Rosa. Kurs auf die Küste!","Tu as battu la Tache Noire. Mais Fortune n'est pas à bord : on l'a vue dans le jardin de la comtesse Rose. Cap sur la côte !"
story.garden.1,"Сад графини Розы цветёт даже в октябре. Говорят, розы здесь поливают выигрышами.","Countess Rose's garden blooms even in October. They say the roses here are watered with winnings.","Kontes Rose'un bahçesi ekimde bile çiçek açar. Derler ki buradaki güller kazançla sulanır.","El jardín de la condesa Rosa florece incluso en octubre. Dicen que aquí riegan las rosas con ganancias.","O jardim da condessa Rosa floresce até em outubro. Dizem que as rosas daqui são regadas com ganhos.","Der Garten der Gräfin Rosa blüht sogar im Oktober. Man sagt, die Rosen hier werden mit Gewinnen gegossen.","Le jardin de la comtesse Rose fleurit même en octobre. On dit qu'ici on arrose les roses avec des gains."
story.garden.2,"Архип? Он проиграл мне клумбу тюльпанов и слово больше не играть. Слово не сдержал. Посмотрим, сдержишь ли ты удар.","Arkhip? He lost a tulip bed to me, and his word never to play again. He didn't keep his word. Let's see if you can take a hit.","Arhip mi? Bana bir lale tarhı ve bir daha oynamayacağına dair sözünü kaybetti. Sözünü tutmadı. Bakalım sen darbeye dayanabilecek misin.","¿Arjip? Me perdió un parterre de tulipanes y su palabra de no volver a jugar. No la cumplió. Veamos si tú aguantas el golpe.","Arkhip? Ele perdeu para mim um canteiro de tulipas e a palavra de nunca mais jogar. Não cumpriu. Vejamos se você aguenta o golpe.","Archip? Er verlor an mich ein Tulpenbeet und sein Wort, nie wieder zu spielen. Er hielt es nicht. Mal sehen, ob du einen Treffer einsteckst.","Arkhip ? Il m'a perdu un parterre de tulipes et sa parole de ne plus jouer. Il ne l'a pas tenue. Voyons si tu encaisses le coup."
story.garden.outro,"Шипы у тебя есть. Свои расписки Архип прятал на чердаке у Тихона. Ищи там.","You've got thorns. Arkhip hid his IOUs in Tikhon's attic. Look there.","Dikenlerin var. Arhip senetlerini Tihon'un çatı katında saklardı. Orada ara.","Tienes espinas. Arjip escondía sus pagarés en el desván de Tijón. Busca allí.","Você tem espinhos. Arkhip escondia suas promissórias no sótão de Tíkhon. Procure lá.","Du hast Dornen. Archip versteckte seine Schuldscheine auf Tichons Dachboden. Such dort.","Tu as des épines. Arkhip cachait ses reconnaissances de dette dans le grenier de Tikhon. Cherche là-bas."
story.attic.1,"Чердак Тихона: пыль лежит слоями, как карты в колоде. Где-то здесь дедовы расписки.","Tikhon's attic: dust lies in layers like cards in a deck. Grandpa's IOUs are somewhere here.","Tihon'un çatı katı: toz, destedeki kartlar gibi kat kat. Dedenin senetleri burada bir yerde.","El desván de Tijón: el polvo se apila en capas como cartas en una baraja. Los pagarés del abuelo están por aquí.","O sótão de Tíkhon: a poeira se acumula em camadas como cartas num baralho. As promissórias do avô estão por aqui.","Tichons Dachboden: Der Staub liegt in Schichten wie Karten im Stapel. Irgendwo hier sind Opas Schuldscheine.","Le grenier de Tikhon : la poussière s'empile comme des cartes dans un jeu. Les dettes de grand-père sont quelque part ici."
story.attic.2,"Всё, что попало на мой чердак, — моё. И расписки, и ты, если проиграешь.","Everything that lands in my attic is mine. The IOUs, and you too if you lose.","Çatı katıma düşen her şey benimdir. Senetler de, kaybedersen sen de.","Todo lo que llega a mi desván es mío. Los pagarés, y tú también si pierdes.","Tudo o que chega ao meu sótão é meu. As promissórias, e você também, se perder.","Alles, was auf meinem Dachboden landet, gehört mir. Die Schuldscheine und du, wenn du verlierst.","Tout ce qui arrive dans mon grenier est à moi. Les dettes, et toi aussi si tu perds."
story.attic.outro,"Забирай свои бумажки. Последняя ведёт в подвал под городом. Там играют те, кого нет ни в одном списке.","Take your papers. The last one leads to a cellar under the town. People who are on no list play there.","Kağıtlarını al. Sonuncusu şehrin altındaki bir mahzene çıkıyor. Orada hiçbir listede olmayanlar oynar.","Llévate tus papeles. El último lleva a un sótano bajo la ciudad. Allí juegan los que no figuran en ninguna lista.","Leve seus papéis. O último leva a um porão sob a cidade. Lá jogam os que não estão em lista nenhuma.","Nimm deine Zettel. Der letzte führt in einen Keller unter der Stadt. Dort spielen die, die auf keiner Liste stehen.","Prends tes papiers. Le dernier mène à une cave sous la ville. Là jouent ceux qui ne sont sur aucune liste."
story.basement.1,"Подвал без вывески. Стучать три раза, говорить шёпотом, проигрывать молча.","A cellar with no sign. Knock three times, speak in whispers, lose in silence.","Tabelasız bir mahzen. Üç kez vur, fısıltıyla konuş, sessizce kaybet.","Un sótano sin letrero. Llamar tres veces, hablar en susurros, perder en silencio.","Um porão sem placa. Bater três vezes, falar sussurrando, perder em silêncio.","Ein Keller ohne Schild. Dreimal klopfen, flüstern, schweigend verlieren.","Une cave sans enseigne. Frapper trois fois, chuchoter, perdre en silence."
story.basement.2,"Здесь первым хожу я. Всегда. Это не жульничество, это традиция.","Here I go first. Always. It's not cheating, it's tradition.","Burada ilk ben oynarım. Her zaman. Bu hile değil, gelenek.","Aquí empiezo yo. Siempre. No es trampa, es tradición.","Aqui quem começa sou eu. Sempre. Não é trapaça, é tradição.","Hier fange ich an. Immer. Das ist kein Betrug, das ist Tradition.","Ici, c'est moi qui commence. Toujours. Ce n'est pas de la triche, c'est la tradition."
story.basement.outro,"Ты прошёл подземку. Наверху тебя ждёт «Пьяный якорь». Но ночью это совсем другая таверна.","You made it through the underground. The Drunken Anchor awaits upstairs. But at night it's a very different tavern.","Yeraltını geçtin. Yukarıda Sarhoş Çapa seni bekliyor. Ama geceleri bambaşka bir meyhane.","Has superado el subsuelo. Arriba te espera El Ancla Borracha. Pero de noche es otra taberna.","Você atravessou o subterrâneo. Lá em cima espera a Âncora Bêbada. Mas à noite é outra taverna.","Du hast den Untergrund geschafft. Oben wartet der Betrunkene Anker. Doch nachts ist es eine ganz andere Taverne.","Tu as traversé les souterrains. En haut t'attend l'Ancre Ivre. Mais la nuit, c'est une tout autre taverne."
story.tavern_night.1,"В полночь «Пьяный якорь» закрывается для своих и открывается для чужих. Ставки здесь делают шёпотом.","At midnight the Drunken Anchor closes to regulars and opens to strangers. Bets here are made in whispers.","Gece yarısı Sarhoş Çapa müdavimlere kapanır, yabancılara açılır. Burada bahisler fısıltıyla yapılır.","A medianoche El Ancla Borracha cierra para los de casa y abre para los extraños. Aquí se apuesta en susurros.","À meia-noite a Âncora Bêbada fecha para os de casa e abre para estranhos. Aqui se aposta sussurrando.","Um Mitternacht schließt der Betrunkene Anker für Stammgäste und öffnet für Fremde. Gewettet wird im Flüsterton.","À minuit, l'Ancre Ivre ferme aux habitués et ouvre aux inconnus. Ici, on parie à voix basse."
story.tavern_night.2,"Добрый вечер. Здесь каждый промах стоит денег. Ваш дедушка платил исправно.","Good evening. Here every miss costs money. Your grandfather always paid on time.","İyi akşamlar. Burada her ıska paraya mal olur. Deden hep zamanında öderdi.","Buenas noches. Aquí cada fallo cuesta dinero. Su abuelo siempre pagaba puntual.","Boa noite. Aqui cada erro custa dinheiro. Seu avô sempre pagava em dia.","Guten Abend. Hier kostet jeder Fehlwurf Geld. Ihr Großvater zahlte stets pünktlich.","Bonsoir. Ici, chaque raté coûte de l'argent. Votre grand-père payait toujours rubis sur l'ongle."
story.tavern_night.outro,"Вы пережили ночь. Фортуна назначила вам встречу на закате, в бухте контрабандистов.","You survived the night. Fortune has set a meeting at sunset, in the smugglers' cove.","Geceyi atlattınız. Fortuna sizinle gün batımında, kaçakçılar koyunda buluşacak.","Ha sobrevivido a la noche. Fortuna le espera al atardecer en la cala de los contrabandistas.","Você sobreviveu à noite. A Fortuna marcou um encontro ao pôr do sol, na enseada dos contrabandistas.","Sie haben die Nacht überstanden. Fortuna erwartet Sie bei Sonnenuntergang in der Schmugglerbucht.","Vous avez survécu à la nuit. Fortune vous attend au coucher du soleil, dans la crique des contrebandiers."
story.beach_sunset.1,"Солнце садится в воду, а в бухте разгружают ящики без печатей. Здесь играют на всё.","The sun sinks into the sea while unstamped crates are unloaded in the cove. Here they play for everything.","Güneş denize batarken koyda mühürsüz sandıklar boşaltılıyor. Burada her şeyine oynanır.","El sol se hunde en el mar y en la cala descargan cajas sin sello. Aquí se juega por todo.","O sol se põe no mar e na enseada descarregam caixas sem selo. Aqui se joga por tudo.","Die Sonne versinkt im Meer, in der Bucht werden Kisten ohne Stempel entladen. Hier spielt man um alles.","Le soleil plonge dans la mer et dans la crique on décharge des caisses sans tampon. Ici, on joue pour tout."
story.beach_sunset.2,"Мелочь не берём. Очки — от пятисот, остальное за борт.","We don't take small change. Points from five hundred up, the rest goes overboard.","Bozukluk almayız. Puan beş yüzden başlar, gerisi denize.","No aceptamos calderilla. Puntos desde quinientos, lo demás por la borda.","Trocado não aceitamos. Pontos a partir de quinhentos, o resto vai ao mar.","Kleingeld nehmen wir nicht. Punkte ab fünfhundert, der Rest geht über Bord.","On ne prend pas la petite monnaie. Les points à partir de cinq cents, le reste par-dessus bord."
story.beach_sunset.outro,"Чистая работа. Фортуна ждёт тебя там, где всё началось: в доме деда. В полночь.","Clean work. Fortune awaits you where it all began: at grandpa's house. At midnight.","Temiz iş. Fortuna seni her şeyin başladığı yerde bekliyor: dedenin evinde. Gece yarısı.","Trabajo limpio. Fortuna te espera donde empezó todo: en casa del abuelo. A medianoche.","Trabalho limpo. A Fortuna espera você onde tudo começou: na casa do avô. À meia-noite.","Saubere Arbeit. Fortuna erwartet dich dort, wo alles begann: in Opas Haus. Um Mitternacht.","Du beau travail. Fortune t'attend là où tout a commencé : chez grand-père. À minuit."
story.home_midnight.1,"Полночь. Дом деда, тот самый стол. За окном гроза, а на стуле Архипа сидит Она.","Midnight. Grandpa's house, the very same table. A storm outside, and in Arkhip's chair sits She.","Gece yarısı. Dedenin evi, o masa. Dışarıda fırtına, Arhip'in sandalyesinde O oturuyor.","Medianoche. La casa del abuelo, la misma mesa. Fuera hay tormenta y en la silla de Arjip está Ella.","Meia-noite. A casa do avô, a mesma mesa. Lá fora, tempestade, e na cadeira de Arkhip está Ela.","Mitternacht. Opas Haus, derselbe Tisch. Draußen tobt ein Gewitter, und auf Archips Stuhl sitzt Sie.","Minuit. La maison de grand-père, la même table. Dehors, l'orage, et sur la chaise d'Arkhip est assise Elle."
story.home_midnight.2,"Внук Архипа. Он тоже думал, что обыграет удачу. Сыграем: на его душу и на твою.","Arkhip's grandchild. He also thought he could beat luck. Let's play: for his soul and for yours.","Arhip'in torunu. O da şansı yenebileceğini sanmıştı. Oynayalım: onun ruhuna ve seninkine.","El nieto de Arjip. Él también creyó que vencería a la suerte. Juguemos: por su alma y por la tuya.","Neto de Arkhip. Ele também achou que venceria a sorte. Vamos jogar: pela alma dele e pela sua.","Archips Enkel. Auch er dachte, er könne das Glück schlagen. Spielen wir: um seine Seele und um deine.","Le petit-fils d'Arkhip. Lui aussi croyait battre la chance. Jouons : pour son âme et pour la tienne."
story.home_midnight.outro,"Ты отыграл душу деда. Удача любит смелых… и упрямых. Но я ещё вернусь, с новыми костями.","You won back your grandfather's soul. Luck loves the bold… and the stubborn. But I'll be back, with new dice.","Dedenin ruhunu geri kazandın. Şans cesurları sever… ve inatçıları. Ama yeni zarlarla geri döneceğim.","Recuperaste el alma de tu abuelo. La suerte ama a los valientes… y a los tercos. Pero volveré, con dados nuevos.","Você reconquistou a alma do seu avô. A sorte ama os ousados… e os teimosos. Mas eu voltarei, com dados novos.","Du hast Opas Seele zurückgewonnen. Das Glück liebt die Mutigen… und die Sturen. Doch ich komme wieder, mit neuen Würfeln.","Tu as regagné l'âme de ton grand-père. La chance aime les audacieux… et les têtus. Mais je reviendrai, avec de nouveaux dés."
opp.foma,"Садовник Фома","Foma the Gardener","Bahçıvan Foma","Foma el jardinero","Foma, o jardineiro","Gärtner Foma","Foma le jardinier"
opp.foma.title,"Сажает ставки на зиму","Plants his bets for winter","Bahislerini kışa eker","Siembra apuestas para el invierno","Planta apostas para o inverno","Pflanzt Wetten für den Winter","Plante ses mises pour l'hiver"
opp.miron,"Пчеловод Мирон","Miron the Beekeeper","Arıcı Miron","Mirón el apicultor","Miron, o apicultor","Imker Miron","Miron l'apiculteur"
opp.miron.title,"Жалит, когда не ждёшь","Stings when you least expect it","Hiç beklemediğin anda sokar","Pica cuando menos lo esperas","Pica quando você menos espera","Sticht, wenn man es nicht erwartet","Pique quand on ne s'y attend pas"
opp.lili,"Мадемуазель Лили","Mademoiselle Lili","Matmazel Lili","Mademoiselle Lili","Mademoiselle Lili","Mademoiselle Lili","Mademoiselle Lili"
opp.lili.title,"Пьёт чай, оттопырив мизинец","Sips tea with her pinky up","Serçe parmağı havada çay içer","Toma el té con el meñique levantado","Toma chá com o mindinho levantado","Trinkt Tee mit abgespreiztem Finger","Boit le thé le petit doigt levé"
opp.alfred,"Дворецкий Альфред","Alfred the Butler","Uşak Alfred","Alfred el mayordomo","Alfred, o mordomo","Butler Alfred","Alfred le majordome"
opp.alfred.title,"Подаёт кости на серебряном подносе","Serves dice on a silver tray","Zarları gümüş tepside sunar","Sirve los dados en bandeja de plata","Serve os dados em bandeja de prata","Serviert Würfel auf dem Silbertablett","Sert les dés sur un plateau d'argent"
opp.rose,"Графиня Роза","Countess Rose","Kontes Rose","La condesa Rosa","A condessa Rosa","Gräfin Rosa","La comtesse Rose"
opp.rose.title,"Хозяйка сада","Mistress of the garden","Bahçenin hanımı","Señora del jardín","Senhora do jardim","Herrin des Gartens","Maîtresse du jardin"
opp.rose_dread,"Грозная Роза","Dread Rose","Korkunç Rose","Rosa la Temible","Rosa Temível","Schreckliche Rosa","Rose la Redoutable"
opp.rose_dread.title,"Все шипы наружу","All thorns out","Bütün dikenler dışarıda","Todas las espinas fuera","Todos os espinhos à mostra","Alle Dornen ausgefahren","Toutes épines dehors"
opp.barsik,"Кот Барсик","Barsik the Cat","Kedi Barsik","El gato Barsik","O gato Barsik","Kater Barsik","Barsik le chat"
opp.barsik.title,"Смахивает кости со стола","Swats the dice off the table","Zarları masadan düşürür","Tira los dados de la mesa","Derruba os dados da mesa","Wischt die Würfel vom Tisch","Fait tomber les dés de la table"
opp.agrippina,"Привидение Агриппина","Agrippina the Ghost","Hayalet Agrippina","Agripina el fantasma","Agripina, o fantasma","Gespenst Agrippina","Agrippine le fantôme"
opp.agrippina.title,"Ходит сквозь стены, но не сквозь правила","Walks through walls, but not through rules","Duvarlardan geçer ama kurallardan geçmez","Atraviesa paredes, pero no las reglas","Atravessa paredes, mas não as regras","Geht durch Wände, aber nicht durch Regeln","Traverse les murs, mais pas les règles"
opp.karl,"Часовщик Карл","Karl the Clockmaker","Saatçi Karl","Karl el relojero","Karl, o relojoeiro","Uhrmacher Karl","Karl l'horloger"
opp.karl.title,"Каждый ход по секундам","Every turn timed to the second","Her turu saniyesi saniyesine","Cada turno al segundo","Cada turno cronometrado","Jeder Zug auf die Sekunde","Chaque tour à la seconde près"
opp.serafim,"Кукловод Серафим","Serafim the Puppeteer","Kuklacı Serafim","Serafín el titiritero","Serafim, o titereiro","Puppenspieler Serafim","Séraphin le marionnettiste"
opp.serafim.title,"Дёргает за ниточки","Pulls the strings","İpleri elinde tutar","Mueve los hilos","Puxa as cordinhas","Zieht die Fäden","Tire les ficelles"
opp.tikhon,"Старьёвщик Тихон","Tikhon the Junkman","Hurdacı Tihon","Tijón el trapero","Tíkhon, o sucateiro","Trödler Tichon","Tikhon le brocanteur"
opp.tikhon.title,"Хозяин чердака","Lord of the attic","Çatı katının sahibi","Amo del desván","Dono do sótão","Herr des Dachbodens","Maître du grenier"
opp.tikhon_dread,"Грозный Тихон","Dread Tikhon","Korkunç Tihon","Tijón el Temible","Tíkhon Temível","Schrecklicher Tichon","Tikhon le Redoutable"
opp.tikhon_dread.title,"Ничего не выбрасывает","Never throws anything away","Hiçbir şeyi atmaz","Nunca tira nada","Nunca joga nada fora","Wirft nie etwas weg","Ne jette jamais rien"
opp.twins,"Близнецы Гриша и Миша","The twins Grisha and Misha","İkizler Grişa ve Mişa","Los gemelos Grisha y Misha","Os gêmeos Grisha e Misha","Die Zwillinge Grischa und Mischa","Les jumeaux Grisha et Micha"
opp.twins.title,"Считают за двоих","Count for two","İki kişilik sayarlar","Cuentan por dos","Contam por dois","Zählen für zwei","Comptent pour deux"
opp.glyba,"Вышибала Глыба","Boulder the Bouncer","Fedai Kaya","Mole el gorila","Rochedo, o leão de chácara","Türsteher Fels","Rocher le videur"
opp.glyba.title,"Молчит и выигрывает","Silent, and winning","Susar ve kazanır","Calla y gana","Fica calado e ganha","Schweigt und gewinnt","Se tait et gagne"
opp.voldemar,"Фокусник Вольдемар","Voldemar the Magician","Sihirbaz Voldemar","Voldemar el mago","Voldemar, o mágico","Zauberer Woldemar","Voldemar le magicien"
opp.voldemar.title,"Кость из рукава? Никогда!","A die up my sleeve? Never!","Kolumda zar mı? Asla!","¿Un dado en la manga? ¡Jamás!","Um dado na manga? Nunca!","Ein Würfel im Ärmel? Niemals!","Un dé dans la manche ? Jamais !"
opp.nina,"Бухгалтер Нина Петровна","Nina the Accountant","Muhasebeci Nina","Nina la contable","Nina, a contadora","Buchhalterin Nina","Nina la comptable"
opp.nina.title,"Сводит баланс до копейки","Balances to the last penny","Hesabı kuruşu kuruşuna tutar","Cuadra las cuentas al céntimo","Fecha a conta até o centavo","Bilanziert auf den Cent","Équilibre au centime près"
opp.krot,"Крот","The Mole","Köstebek","El Topo","O Toupeira","Der Maulwurf","La Taupe"
opp.krot.title,"Хозяин подполья","Boss of the underground","Yeraltının patronu","Jefe del subsuelo","Chefe do submundo","Herr der Unterwelt","Patron des souterrains"
opp.krot_dread,"Грозный Крот","Dread Mole","Korkunç Köstebek","El Topo Temible","Toupeira Temível","Schrecklicher Maulwurf","La Taupe Redoutable"
opp.krot_dread.title,"Глубже некуда","Can't dig any deeper","Daha derini yok","Más hondo imposible","Mais fundo impossível","Tiefer geht es nicht","On ne peut pas creuser plus profond"
opp.erofey,"Ночной сторож Ерофей","Erofey the Night Watchman","Gece bekçisi Yerofey","Erofei el sereno","Erofei, o vigia noturno","Nachtwächter Jerofej","Érofeï le veilleur de nuit"
opp.erofey.title,"Не спит и не проигрывает","Never sleeps, never loses","Ne uyur ne kaybeder","Ni duerme ni pierde","Não dorme e não perde","Schläft nie, verliert nie","Ne dort pas, ne perd pas"
opp.aglaya,"Гадалка Аглая","Aglaya the Fortune-teller","Falcı Aglaya","Aglaya la adivina","Aglaia, a vidente","Wahrsagerin Aglaja","Aglaïa la voyante"
opp.aglaya.title,"Знает ваш следующий бросок","Knows your next roll","Sonraki atışını bilir","Conoce tu próxima tirada","Sabe o seu próximo lance","Kennt deinen nächsten Wurf","Connaît votre prochain lancer"
opp.gordeev,"Отставной капитан Гордеев","Retired Captain Gordeev","Emekli Kaptan Gordeyev","El capitán retirado Gordéyev","O capitão aposentado Gordeev","Kapitän a. D. Gordejew","Le capitaine retraité Gordeïev"
opp.gordeev.title,"Ставит как в последний раз","Bets like it's the last time","Son kezmiş gibi oynar","Apuesta como si fuera la última vez","Aposta como se fosse a última vez","Setzt wie zum letzten Mal","Mise comme si c'était la dernière fois"
opp.stavkin,"Барон Ставкин","Baron Stakesby","Baron Bahisoğlu","El barón Apuéstez","O barão Aposteiro","Baron von Einsatz","Le baron Misenval"
opp.stavkin.title,"Ставит поместья","Bets whole estates","Malikâneleri ortaya koyar","Apuesta fincas enteras","Aposta fazendas inteiras","Setzt ganze Landgüter","Mise des domaines entiers"
opp.madame,"Мадам Полночь","Madame Midnight","Madam Geceyarısı","Madame Medianoche","Madame Meia-Noite","Madame Mitternacht","Madame Minuit"
opp.madame.title,"Хозяйка ночного стола","Mistress of the night table","Gece masasının hanımı","Señora de la mesa nocturna","Senhora da mesa noturna","Herrin des Nachttisches","Maîtresse de la table de nuit"
opp.madame_dread,"Грозная Мадам Полночь","Dread Madame Midnight","Korkunç Madam Geceyarısı","Madame Medianoche la Temible","Madame Meia-Noite Temível","Schreckliche Madame Mitternacht","Madame Minuit la Redoutable"
opp.madame_dread.title,"Рассвет не наступит","Dawn will not come","Şafak sökmeyecek","El amanecer no llegará","O amanhecer não virá","Der Morgen wird nicht kommen","L'aube ne viendra pas"
opp.vetrov,"Лоцман Ветров","Vetrov the Pilot","Kılavuz Vetrov","Vetrov el práctico","Vetrov, o prático","Lotse Wetrow","Vetrov le pilote"
opp.vetrov.title,"Знает все мели","Knows every shoal","Bütün sığlıkları bilir","Conoce todos los bajíos","Conhece todos os baixios","Kennt jede Untiefe","Connaît tous les hauts-fonds"
opp.zhemchugov,"Купец Жемчугов","Pearlman the Merchant","Tüccar İnci","Perlas el mercader","Pérola, o mercador","Kaufmann Perlmann","Perlier le marchand"
opp.zhemchugov.title,"Платит жемчугом","Pays in pearls","İnciyle öder","Paga con perlas","Paga com pérolas","Zahlt mit Perlen","Paie en perles"
opp.marta,"Пиратка Марта Шрам","Scar Martha the Pirate","Korsan Yaralı Marta","Marta Cicatriz la pirata","Marta Cicatriz, a pirata","Piratin Narben-Martha","Marthe la Balafre, pirate"
opp.marta.title,"Не прощает Зонков","Never forgives a Zonk","Zonk'ları affetmez","No perdona los Zonks","Não perdoa Zonks","Verzeiht keinen Zonk","Ne pardonne pas les Zonks"
opp.strogiy,"Таможенник Строгий","Customs Officer Stern","Gümrükçü Sert","El aduanero Severo","O aduaneiro Severo","Zöllner Streng","Le douanier Sévère"
opp.strogiy.title,"Проверяет каждую кость","Inspects every die","Her zarı kontrol eder","Revisa cada dado","Confere cada dado","Prüft jeden Würfel","Inspecte chaque dé"
opp.sych,"Контрабандист Сыч","Owl the Smuggler","Kaçakçı Baykuş","Búho el contrabandista","Coruja, o contrabandista","Schmuggler Kauz","Hibou le contrebandier"
opp.sych.title,"Хозяин бухты","Lord of the cove","Koyun efendisi","Amo de la cala","Dono da enseada","Herr der Bucht","Maître de la crique"
opp.sych_dread,"Грозный Сыч","Dread Owl","Korkunç Baykuş","Búho el Temible","Coruja Temível","Schrecklicher Kauz","Hibou le Redoutable"
opp.sych_dread.title,"Весь груз мой","Every crate is mine","Bütün yük benim","Toda la carga es mía","Toda a carga é minha","Die ganze Ladung gehört mir","Toute la cargaison est à moi"
opp.jester,"Шут Фортуны","Fortune's Jester","Fortuna'nın Soytarısı","El bufón de Fortuna","O bobo da Fortuna","Fortunas Narr","Le bouffon de Fortune"
opp.jester.title,"Смеётся над Зонками","Laughs at Zonks","Zonk'lara güler","Se ríe de los Zonks","Ri dos Zonks","Lacht über Zonks","Rit des Zonks"
opp.karr,"Ворон Карр","Karr the Raven","Kuzgun Karr","Karr el cuervo","Karr, o corvo","Rabe Karr","Karr le corbeau"
opp.karr.title,"Каркает под руку","Croaks at the worst moment","En kötü anda gaklar","Grazna en el peor momento","Grasna na pior hora","Krächzt im falschen Moment","Croasse au pire moment"
opp.sudba,"Тётушка Судьба","Auntie Fate","Kader Teyze","La tía Destino","Tia Destino","Tante Schicksal","Tante Destin"
opp.sudba.title,"Всё знает наперёд","Knows everything in advance","Her şeyi önceden bilir","Lo sabe todo de antemano","Sabe tudo de antemão","Weiß alles im Voraus","Sait tout d'avance"
opp.arkhip,"Тень деда Архипа","Grandpa Arkhip's Shadow","Arhip Dede'nin Gölgesi","La sombra del abuelo Arjip","A sombra do avô Arkhip","Opa Archips Schatten","L'ombre de grand-père Arkhip"
opp.arkhip.title,"Играет за Фортуну","Plays for Fortune","Fortuna için oynar","Juega para Fortuna","Joga pela Fortuna","Spielt für Fortuna","Joue pour Fortune"
opp.fortuna,"Фортуна","Fortune","Fortuna","Fortuna","Fortuna","Fortuna","Fortune"
opp.fortuna.title,"Та самая","The one and only","Ta kendisi","La mismísima","A própria","Die eine und einzige","En personne"
opp.fortuna_dread,"Фортуна без маски","Fortune Unmasked","Maskesiz Fortuna","Fortuna sin máscara","Fortuna sem máscara","Fortuna ohne Maske","Fortune démasquée"
opp.fortuna_dread.title,"Последняя ставка","The final bet","Son bahis","La última apuesta","A última aposta","Der letzte Einsatz","La dernière mise"
reactions.rose,"Графиня Роза","Countess Rose","Kontes Rose","La condesa Rosa","A condessa Rosa","Gräfin Rosa","La comtesse Rose"
reactions.tikhon,"Старьёвщик Тихон","Tikhon the Junkman","Hurdacı Tihon","Tijón el trapero","Tíkhon, o sucateiro","Trödler Tichon","Tikhon le brocanteur"
reactions.krot,"Крот","The Mole","Köstebek","El Topo","O Toupeira","Der Maulwurf","La Taupe"
reactions.madame,"Мадам Полночь","Madame Midnight","Madam Geceyarısı","Madame Medianoche","Madame Meia-Noite","Madame Mitternacht","Madame Minuit"
reactions.sych,"Контрабандист Сыч","Owl the Smuggler","Kaçakçı Baykuş","Búho el contrabandista","Coruja, o contrabandista","Schmuggler Kauz","Hibou le contrebandier"
reactions.fortuna,"Фортуна","Fortune","Fortuna","Fortuna","Fortuna","Fortuna","Fortune"
line.rose.start,"Чай, розы и кости. Начнём с костей.","Tea, roses and dice. Let's start with the dice.","Çay, güller ve zarlar. Zarlarla başlayalım.","Té, rosas y dados. Empecemos por los dados.","Chá, rosas e dados. Comecemos pelos dados.","Tee, Rosen und Würfel. Fangen wir mit den Würfeln an.","Thé, roses et dés. Commençons par les dés."
line.rose.zonk,"Ах, какая досада… и какой изящный промах.","Oh, how annoying… and what an elegant miss.","Ah, ne can sıkıcı… ve ne zarif bir ıska.","Ay, qué fastidio… y qué fallo tan elegante.","Ah, que chato… e que erro elegante.","Ach, wie ärgerlich… und welch eleganter Fehlwurf.","Ah, quel dommage… et quel raté élégant."
line.rose.otherZonk,"Сорняк. Вырвать и забыть.","A weed. Pull it out and forget it.","Yabani ot. Sök ve unut.","Una mala hierba. Arrancar y olvidar.","Erva daninha. Arrancar e esquecer.","Unkraut. Ausreißen und vergessen.","Une mauvaise herbe. Arracher et oublier."
line.rose.otherBig,"Вы топчете мои клумбы!","You're trampling my flowerbeds!","Çiçek tarhlarımı eziyorsunuz!","¡Está pisando mis parterres!","Você está pisando nos meus canteiros!","Sie zertrampeln meine Beete!","Vous piétinez mes parterres !"
line.rose.won,"Ещё один букет в мою коллекцию.","One more bouquet for my collection.","Koleksiyonuma bir buket daha.","Un ramo más para mi colección.","Mais um buquê para a minha coleção.","Noch ein Strauß für meine Sammlung.","Un bouquet de plus pour ma collection."
line.rose.lost,"Шипы колются, правда? Мои тоже.","Thorns prick, don't they? Mine too.","Dikenler batıyor, değil mi? Benimkiler de.","Las espinas pinchan, ¿verdad? Las mías también.","Espinhos furam, não é? Os meus também.","Dornen stechen, nicht wahr? Meine auch.","Les épines piquent, n'est-ce pas ? Les miennes aussi."
line.tikhon.start,"Всё старое — моё. Ставь что-нибудь новенькое.","Everything old is mine. Bet something new.","Eski olan her şey benim. Yeni bir şey koy ortaya.","Todo lo viejo es mío. Apuesta algo nuevo.","Tudo o que é velho é meu. Aposte algo novo.","Alles Alte gehört mir. Setz etwas Neues.","Tout ce qui est vieux est à moi. Mise quelque chose de neuf."
line.tikhon.zonk,"Ничего, и это сгодится. Положу на полку.","Never mind, that'll do too. I'll put it on the shelf.","Olsun, bu da işe yarar. Rafa koyarım.","No pasa nada, también sirve. Lo pondré en el estante.","Tudo bem, isso também serve. Vou pôr na prateleira.","Macht nichts, das taugt auch. Kommt ins Regal.","Pas grave, ça servira aussi. Je le range sur l'étagère."
line.tikhon.otherZonk,"Хлам! Беру за копейку.","Junk! I'll take it for a penny.","Hurda! Kuruşa alırım.","¡Chatarra! Me la quedo por un céntimo.","Sucata! Levo por um centavo.","Plunder! Ich nehme es für einen Groschen.","De la camelote ! Je la prends pour un sou."
line.tikhon.otherBig,"Эй, это антиквариат, не трогай!","Hey, that's an antique, hands off!","Hey, o antika, dokunma!","¡Eh, eso es una antigüedad, no toques!","Ei, isso é antiguidade, não toque!","He, das ist eine Antiquität, Finger weg!","Hé, c'est une antiquité, pas touche !"
line.tikhon.won,"В коробку тебя. С биркой.","Into the box with you. With a label.","Seni kutuya koyuyorum. Etiketiyle.","A la caja contigo. Con etiqueta.","Para a caixa com você. Com etiqueta.","Ab in die Kiste. Mit Etikett.","Dans la boîte. Avec une étiquette."
line.tikhon.lost,"Ладно, ладно. Забирай… но потом верни.","Fine, fine. Take it… but bring it back later.","Peki, peki. Al… ama sonra geri getir.","Vale, vale. Llévatelo… pero devuélvelo luego.","Tá bom, tá bom. Leve… mas devolva depois.","Schon gut. Nimm es… aber bring es zurück.","Bon, bon. Prends-le… mais rends-le après."
line.krot.start,"Я хожу первым. Это не обсуждается.","I go first. That's not up for discussion.","İlk ben oynarım. Tartışılmaz.","Empiezo yo. No se discute.","Eu começo. Isso não se discute.","Ich fange an. Darüber wird nicht diskutiert.","Je commence. Ce n'est pas négociable."
line.krot.zonk,"Тьфу. Темно тут, кости не видно.","Ugh. It's dark down here, can't see the dice.","Tüh. Burası karanlık, zarlar görünmüyor.","Puf. Aquí está oscuro, no se ven los dados.","Argh. Está escuro aqui, não dá pra ver os dados.","Pfui. Hier ist es dunkel, man sieht die Würfel nicht.","Pff. Il fait noir ici, on ne voit pas les dés."
line.krot.otherZonk,"Под землю ушли твои очки.","Your points went underground.","Puanların yerin dibine girdi.","Tus puntos se fueron bajo tierra.","Seus pontos foram para debaixo da terra.","Deine Punkte sind unter der Erde.","Tes points sont partis sous terre."
line.krot.otherBig,"Копаешь глубоко. Мне это не нравится.","You dig deep. I don't like that.","Derin kazıyorsun. Bundan hoşlanmadım.","Cavas hondo. No me gusta.","Você cava fundo. Não gosto disso.","Du gräbst tief. Das gefällt mir nicht.","Tu creuses profond. Ça ne me plaît pas."
line.krot.won,"Наверх выйдешь без копейки.","You'll go back up without a penny.","Yukarıya beş parasız çıkacaksın.","Subirás sin un céntimo.","Você vai subir sem um centavo.","Du gehst ohne einen Groschen nach oben.","Tu remonteras sans un sou."
line.krot.lost,"Солнце слепит. Иди, пока я добрый.","The sun is blinding. Go, while I'm feeling kind.","Güneş gözümü alıyor. Ben iyiyken git.","El sol ciega. Vete mientras estoy de buenas.","O sol ofusca. Vá enquanto estou de bom humor.","Die Sonne blendet. Geh, solange ich gut gelaunt bin.","Le soleil m'aveugle. Va-t'en tant que je suis gentil."
line.madame.start,"Делайте ставки. Ночь длинная.","Place your bets. The night is long.","Bahislerinizi yapın. Gece uzun.","Hagan sus apuestas. La noche es larga.","Façam suas apostas. A noite é longa.","Machen Sie Ihr Spiel. Die Nacht ist lang.","Faites vos jeux. La nuit est longue."
line.madame.zonk,"Даже я иногда плачу. Редко.","Even I pay sometimes. Rarely.","Ben bile bazen öderim. Nadiren.","Incluso yo pago a veces. Rara vez.","Até eu pago às vezes. Raramente.","Selbst ich zahle manchmal. Selten.","Même moi, je paie parfois. Rarement."
line.madame.otherZonk,"Касса благодарит вас.","The house thanks you.","Kasa size teşekkür eder.","La casa se lo agradece.","A casa agradece.","Die Bank dankt Ihnen.","La maison vous remercie."
line.madame.otherBig,"Какая дерзость. Мне нравится.","Such audacity. I like it.","Ne cüret. Hoşuma gitti.","Qué osadía. Me gusta.","Que ousadia. Gosto disso.","Welch Kühnheit. Das gefällt mir.","Quelle audace. J'aime ça."
line.madame.won,"Приходите ещё. Дедушка тоже приходил.","Do come again. Your grandfather did.","Yine gelin. Dedeniz de gelirdi.","Vuelva cuando quiera. Su abuelo también volvía.","Volte sempre. Seu avô também voltava.","Kommen Sie wieder. Ihr Großvater kam auch.","Revenez donc. Votre grand-père revenait aussi."
line.madame.lost,"Рассвет на вашей стороне. Пока.","Dawn is on your side. For now.","Şafak sizin tarafınızda. Şimdilik.","El amanecer está de su lado. Por ahora.","O amanhecer está do seu lado. Por enquanto.","Der Morgen ist auf Ihrer Seite. Vorerst.","L'aube est de votre côté. Pour l'instant."
line.sych.start,"Мелочь за борт. Играем по-крупному.","Small change overboard. We play big.","Bozukluklar denize. Büyük oynuyoruz.","La calderilla por la borda. Jugamos fuerte.","Trocado ao mar. Jogamos alto.","Kleingeld über Bord. Wir spielen groß.","La petite monnaie par-dessus bord. On joue gros."
line.sych.zonk,"Шторм. Бывает.","A storm. It happens.","Fırtına. Olur böyle.","Tormenta. Pasa.","Tempestade. Acontece.","Sturm. Kommt vor.","Une tempête. Ça arrive."
line.sych.otherZonk,"Ещё один ящик ко дну.","Another crate to the bottom.","Bir sandık daha dibe.","Otra caja al fondo.","Mais uma caixa para o fundo.","Noch eine Kiste auf Grund.","Encore une caisse au fond."
line.sych.otherBig,"Ого, да ты сам контрабандист!","Whoa, you're a smuggler yourself!","Vay, sen de kaçakçıymışsın!","¡Vaya, tú también eres contrabandista!","Uau, você também é contrabandista!","Oha, du bist ja selbst ein Schmuggler!","Ouah, tu es contrebandier toi aussi !"
line.sych.won,"Груз мой. Как обычно.","The cargo is mine. As usual.","Yük benim. Her zamanki gibi.","La carga es mía. Como siempre.","A carga é minha. Como sempre.","Die Ladung gehört mir. Wie immer.","La cargaison est à moi. Comme d'habitude."
line.sych.lost,"Чистая работа. Не попадайся таможне.","Clean work. Don't get caught by customs.","Temiz iş. Gümrüğe yakalanma.","Trabajo limpio. Que no te pille la aduana.","Trabalho limpo. Não caia na alfândega.","Saubere Arbeit. Lass dich nicht vom Zoll erwischen.","Du beau travail. Ne te fais pas prendre par la douane."
line.fortuna.start,"Я хожу первой. Удача всегда на шаг впереди.","I go first. Luck is always one step ahead.","İlk ben oynarım. Şans hep bir adım öndedir.","Empiezo yo. La suerte siempre va un paso por delante.","Eu começo. A sorte está sempre um passo à frente.","Ich fange an. Das Glück ist immer einen Schritt voraus.","Je commence. La chance a toujours un pas d'avance."
line.fortuna.zonk,"Даже Фортуне иногда не везёт. Запомни этот момент.","Even Fortune is unlucky sometimes. Remember this moment.","Fortuna bile bazen şanssızdır. Bu anı unutma.","Incluso a Fortuna le falla la suerte a veces. Recuerda este momento.","Até a Fortuna às vezes dá azar. Lembre-se deste momento.","Selbst Fortuna hat mal Pech. Merk dir diesen Moment.","Même Fortune n'a pas toujours de chance. Retiens ce moment."
line.fortuna.otherZonk,"Удача отвернулась. Я же говорила.","Luck turned away. I told you so.","Şans yüz çevirdi. Söylemiştim.","La suerte te dio la espalda. Te lo dije.","A sorte virou as costas. Eu avisei.","Das Glück hat sich abgewandt. Ich hab's ja gesagt.","La chance t'a tourné le dos. Je te l'avais dit."
line.fortuna.otherBig,"Смело. Архип тоже был смелым.","Bold. Arkhip was bold too.","Cesurca. Arhip de cesurdu.","Valiente. Arjip también lo era.","Ousado. Arkhip também era ousado.","Mutig. Archip war auch mutig.","Audacieux. Arkhip l'était aussi."
line.fortuna.won,"Удача не любит упрямых. Попробуй ещё.","Luck doesn't love the stubborn. Try again.","Şans inatçıları sevmez. Bir daha dene.","La suerte no quiere a los tercos. Inténtalo otra vez.","A sorte não gosta dos teimosos. Tente de novo.","Das Glück mag keine Sturköpfe. Versuch es noch mal.","La chance n'aime pas les têtus. Réessaie."
line.fortuna.lost,"Ты… обыграл саму удачу?","You… beat luck itself?","Sen… şansın kendisini mi yendin?","¿Tú… has vencido a la mismísima suerte?","Você… venceu a própria sorte?","Du… hast das Glück selbst geschlagen?","Toi… tu as battu la chance elle-même ?"
item.felt_checker,"Шотландка","Tartan","Ekose","Tartán","Xadrez escocês","Schottenkaro","Tartan"
item.felt_stars,"Звёздная ночь","Starry night","Yıldızlı gece","Noche estrellada","Noite estrelada","Sternennacht","Nuit étoilée"
item.felt_waves,"Морская волна","Sea waves","Deniz dalgası","Olas del mar","Ondas do mar","Meereswellen","Vagues"
item.felt_harlequin,"Арлекин","Harlequin","Arlekin","Arlequín","Arlequim","Harlekin","Arlequin"
item.felt_dots,"Горошек","Polka dots","Puantiyeli","Lunares","Bolinhas","Tupfen","Pois"
hint.level35,"Награда за уровень 35","Level 35 reward","35. seviye ödülü","Recompensa del nivel 35","Recompensa do nível 35","Belohnung für Level 35","Récompense du niveau 35"
slot.decor,"Безделушки","Trinkets","Süs eşyaları","Adornos","Enfeites","Krimskrams","Babioles"
item.table_tavern,"Трактирный","Tavern table","Meyhane masası","Mesa de taberna","Mesa de taverna","Wirtshaustisch","Table de taverne"
item.table_gambling,"Игорный","Gambling table","Kumar masası","Mesa de juego","Mesa de jogo","Spieltisch","Table de jeu"
item.table_barrel,"На бочке","Barrel table","Fıçı masa","Mesa de barril","Mesa de barril","Fasstisch","Table tonneau"
item.table_stone,"Каменная плита","Stone slab","Taş levha","Losa de piedra","Laje de pedra","Steinplatte","Dalle de pierre"
item.table_deck,"Палубный","Deck table","Güverte masası","Mesa de cubierta","Mesa de convés","Decktisch","Table de pont"
item.table_stump,"Пень","Tree stump","Kütük","Tocón","Toco","Baumstumpf","Souche"
item.table_pirate,"Пиратская карта","Pirate map","Korsan haritası","Mapa pirata","Mapa pirata","Piratenkarte","Carte pirate"
item.lamp_candle,"Свеча на цепях","Hanging candle","Asma mum","Vela colgante","Vela suspensa","Hängende Kerze","Bougie suspendue"
item.lamp_oil,"Масляная лампа","Oil lamp","Yağ lambası","Lámpara de aceite","Lamparina a óleo","Öllampe","Lampe à huile"
item.lamp_lantern6,"Кованый фонарь","Forged lantern","Dövme fener","Farol forjado","Lanterna forjada","Schmiedelaterne","Lanterne forgée"
item.lamp_skull,"Череп со свечой","Skull candle","Mumlu kafatası","Calavera con vela","Caveira com vela","Totenkopfkerze","Crâne à bougie"
item.lamp_chandelier,"Люстра","Chandelier","Avize","Candelabro","Lustre","Kronleuchter","Lustre"
item.lamp_orb,"Магический шар","Magic orb","Sihirli küre","Orbe mágico","Orbe mágico","Zauberkugel","Orbe magique"
item.cup_horn,"Рог","Horn","Boynuz","Cuerno","Chifre","Horn","Corne"
item.cup_wicker,"Плетёный","Wicker","Hasır","De mimbre","De vime","Korbgeflecht","En osier"
item.cup_crystal,"Аметист","Amethyst","Ametist","Amatista","Ametista","Amethyst","Améthyste"
item.decor_candle,"Свеча","Candle","Mum","Vela","Vela","Kerze","Bougie"
item.decor_ale,"Кружка эля","Mug of ale","Bira kupası","Jarra de cerveza","Caneca de cerveja","Bierkrug","Chope de bière"
item.decor_coins,"Стопки монет","Coin stacks","Para yığınları","Pilas de monedas","Pilhas de moedas","Münzstapel","Piles de pièces"
item.decor_skull,"Череп","Skull","Kafatası","Calavera","Caveira","Totenkopf","Crâne"
item.decor_cards,"Колода карт","Deck of cards","Deste kart","Baraja","Baralho","Kartenspiel","Jeu de cartes"
item.decor_hourglass,"Песочные часы","Hourglass","Kum saati","Reloj de arena","Ampulheta","Sanduhr","Sablier"
item.decor_rum,"Бутылка рома","Bottle of rum","Rom şişesi","Botella de ron","Garrafa de rum","Rumflasche","Bouteille de rhum"
item.decor_map,"Карта сокровищ","Treasure map","Hazine haritası","Mapa del tesoro","Mapa do tesouro","Schatzkarte","Carte au trésor"
item.decor_compass,"Компас","Compass","Pusula","Brújula","Bússola","Kompass","Boussole"
item.decor_dagger,"Кинжал","Dagger","Hançer","Daga","Adaga","Dolch","Dague"
item.decor_pouch,"Мешочек монет","Coin pouch","Para kesesi","Bolsa de monedas","Bolsa de moedas","Münzbeutel","Bourse"
item.decor_spyglass,"Подзорная труба","Spyglass","Dürbün","Catalejo","Luneta","Fernrohr","Longue-vue"
campaign.opponentDice,"Кости: {0}","Dice: {0}","Zarlar: {0}","Dados: {0}","Dados: {0}","Würfel: {0}","Dés : {0}"
campaign.opponentDiceStandard,"Кости: обычные","Dice: standard","Zarlar: normal","Dados: normales","Dados: normais","Würfel: normal","Dés : normaux"
profile.talents,"Таланты","Talents","Yetenekler","Talentos","Talentos","Talente","Talents"
talent.points,"Свободных очков: {0} (всего {1})","Free points: {0} (total {1})","Boş puan: {0} (toplam {1})","Puntos libres: {0} (total {1})","Pontos livres: {0} (total {1})","Freie Punkte: {0} (gesamt {1})","Points libres : {0} (total {1})"
talent.branch.merchant,"Купец","Merchant","Tüccar","Mercader","Mercador","Händler","Marchand"
talent.branch.master,"Мастер","Master","Usta","Maestro","Mestre","Meister","Maître"
talent.branch.collector,"Коллекционер","Collector","Koleksiyoncu","Coleccionista","Colecionador","Sammler","Collectionneur"
talent.title.merchant,"Купец","Merchant","Tüccar","Mercader","Mercador","Händler","Marchand"
talent.title.master,"Мастер","Master","Usta","Maestro","Mestre","Meister","Maître"
talent.title.collector,"Коллекционер","Collector","Koleksiyoncu","Coleccionista","Colecionador","Sammler","Collectionneur"
talent.pick,"Выберите талант","Pick a talent","Bir yetenek seçin","Elige un talento","Escolha um talento","Wähle ein Talent","Choisissez un talent"
talent.learn,"Изучить ({0})","Learn ({0})","Öğren ({0})","Aprender ({0})","Aprender ({0})","Lernen ({0})","Apprendre ({0})"
talent.learned,"Изучено: {0}","Learned: {0}","Öğrenildi: {0}","Aprendido: {0}","Aprendido: {0}","Gelernt: {0}","Appris : {0}"
talent.reset,"Сброс · {0}","Reset · {0}","Sıfırla · {0}","Reiniciar · {0}","Redefinir · {0}","Zurücksetzen · {0}","Réinitialiser · {0}"
talent.resetAsk,"Вернуть все очки талантов за {0} монет?","Refund all talent points for {0} coins?","Tüm yetenek puanları {0} altına iade edilsin mi?","¿Devolver todos los puntos por {0} monedas?","Devolver todos os pontos por {0} moedas?","Alle Talentpunkte für {0} Münzen zurücksetzen?","Rembourser tous les points pour {0} pièces ?"
talent.resetNoCoins,"Не хватает монет на сброс","Not enough coins to reset","Sıfırlamak için yeterli altın yok","No hay monedas para reiniciar","Moedas insuficientes para redefinir","Nicht genug Münzen zum Zurücksetzen","Pas assez de pièces pour réinitialiser"
talent.requires,"Нужен талант «{0}»","Requires «{0}»","«{0}» gerekli","Requiere «{0}»","Requer «{0}»","Benötigt „{0}“","Nécessite « {0} »"
talent.requiresPoints,"Нужно {0} очков в ветке «{1}»","Requires {0} points in {1}","{1} dalında {0} puan gerekli","Requiere {0} puntos en {1}","Requer {0} pontos em {1}","Benötigt {0} Punkte in {1}","Nécessite {0} points en {1}"
talent.coins,"Торговая жилка","Trader's knack","Ticaret yeteneği","Olfato comercial","Faro comercial","Händlergespür","Sens du commerce"
talent.coins.desc,"+{0}% монет за победу (до +{1}%)","+{0}% coins for a win (up to +{1}%)","Zafer başına +%{0} altın (en fazla +%{1})","+{0}% monedas por victoria (hasta +{1}%)","+{0}% moedas por vitória (até +{1}%)","+{0}% Münzen pro Sieg (bis +{1}%)","+{0} % de pièces par victoire (jusqu'à +{1} %)"
talent.energy,"Выносливость","Stamina","Dayanıklılık","Aguante","Fôlego","Ausdauer","Endurance"
talent.energy.desc,"Запас энергии +{0} (до +{1})","Energy cap +{0} (up to +{1})","Enerji sınırı +{0} (en fazla +{1})","Energía máxima +{0} (hasta +{1})","Energia máxima +{0} (até +{1})","Energie-Maximum +{0} (bis +{1})","Énergie max +{0} (jusqu'à +{1})"
talent.chest,"Нюх на клады","Treasure nose","Hazine burnu","Olfato de tesoros","Faro para tesouros","Schatznase","Flair du trésor"
talent.chest.desc,"Сундук на {0} победу раньше","Chest {0} win sooner","Sandık {0} zafer daha erken","Cofre {0} victoria antes","Baú {0} vitória antes","Truhe {0} Sieg früher","Coffre {0} victoire plus tôt"
talent.regen,"Второе дыхание","Second wind","İkinci nefes","Segundo aire","Segundo fôlego","Zweiter Atem","Second souffle"
talent.regen.desc,"Энергия восстанавливается на {0}% быстрее (до {1}%)","Energy refills {0}% faster (up to {1}%)","Enerji %{0} daha hızlı dolar (en fazla %{1})","La energía se recarga un {0}% más rápido (hasta {1}%)","Energia recarrega {0}% mais rápido (até {1}%)","Energie füllt sich {0}% schneller (bis {1}%)","L'énergie se recharge {0} % plus vite (jusqu'à {1} %)"
talent.stakes,"Высокие ставки","High stakes","Yüksek bahis","Apuestas altas","Apostas altas","Hohe Einsätze","Grosses mises"
talent.stakes.desc,"Новая ставка в кампании за ранг (до {1})","A new campaign stake per rank (up to {1})","Her seviyede yeni sefer bahsi (en fazla {1})","Nueva apuesta de campaña por rango (hasta {1})","Nova aposta da campanha por nível (até {1})","Neuer Kampagneneinsatz pro Rang (bis {1})","Nouvelle mise de campagne par rang (jusqu'à {1})"
talent.refund,"Страховка","Insurance","Sigorta","Seguro","Seguro","Versicherung","Assurance"
talent.refund.desc,"При проигрыше вернётся {0}% ставки (до {1}%)","Lose and get back {0}% of the stake (up to {1}%)","Kaybedince bahsin %{0}'i geri gelir (en fazla %{1})","Al perder recuperas el {0}% de la apuesta (hasta {1}%)","Ao perder recupera {0}% da aposta (até {1}%)","Bei Niederlage {0}% des Einsatzes zurück (bis {1}%)","En cas de défaite, {0} % de la mise rendus (jusqu'à {1} %)"
talent.daily,"Деловой день","Busy day","Yoğun gün","Día ajetreado","Dia cheio","Voller Tag","Journée chargée"
talent.daily.desc,"+{0} задание в день","+{0} daily quest","Günde +{0} görev","+{0} misión diaria","+{0} missão diária","+{0} Tagesaufgabe","+{0} quête quotidienne"
talent.reroll,"Переговорщик","Negotiator","Müzakereci","Negociador","Negociador","Verhandler","Négociateur"
talent.reroll.desc,"+{0} бесплатная замена задания в день (до +{1})","+{0} free quest swap a day (up to +{1})","Günde +{0} ücretsiz görev değişimi (en fazla +{1})","+{0} cambio de misión gratis al día (hasta +{1})","+{0} troca de missão grátis por dia (até +{1})","+{0} kostenloser Aufgabentausch pro Tag (bis +{1})","+{0} échange de quête gratuit par jour (jusqu'à +{1})"
talent.lucky_day,"Счастливый день","Lucky day","Şanslı gün","Día de suerte","Dia de sorte","Glückstag","Jour de chance"
talent.lucky_day.desc,"Первая победа дня даёт двойные монеты","The first win of the day pays double coins","Günün ilk zaferi iki kat altın verir","La primera victoria del día da monedas dobles","A primeira vitória do dia dá moedas em dobro","Der erste Sieg des Tages bringt doppelte Münzen","La première victoire du jour rapporte le double de pièces"
talent.xp,"Опыт","Experience","Tecrübe","Experiencia","Experiência","Erfahrung","Expérience"
talent.xp.desc,"+{0}% опыта за партию (до +{1}%)","+{0}% XP per match (up to +{1}%)","Maç başına +%{0} TP (en fazla +%{1})","+{0}% EXP por partida (hasta +{1}%)","+{0}% XP por partida (até +{1}%)","+{0}% EP pro Partie (bis +{1}%)","+{0} % d'XP par partie (jusqu'à +{1} %)"
talent.mastery,"Знаток костей","Dice expert","Zar uzmanı","Experto en dados","Especialista em dados","Würfelkenner","Expert des dés"
talent.mastery.desc,"Мастерство особых костей быстрее на {0}% (до {1}%)","Special dice mastery {0}% faster (up to {1}%)","Özel zar ustalığı %{0} daha hızlı (en fazla %{1})","Maestría de dados especiales un {0}% más rápida (hasta {1}%)","Maestria dos dados especiais {0}% mais rápida (até {1}%)","Würfelmeisterschaft {0}% schneller (bis {1}%)","Maîtrise des dés spéciaux {0} % plus rapide (jusqu'à {1} %)"
talent.presets,"Запасливый","Well stocked","İhtiyatlı","Previsor","Precavido","Vorratshalter","Prévoyant"
talent.presets.desc,"+{0} сохранённый набор костей (до +{1})","+{0} saved dice set (up to +{1})","+{0} kayıtlı zar seti (en fazla +{1})","+{0} juego de dados guardado (hasta +{1})","+{0} conjunto de dados salvo (até +{1})","+{0} gespeichertes Würfelset (bis +{1})","+{0} jeu de dés enregistré (jusqu'à +{1})"
talent.hint,"Подсказка","Hint","İpucu","Pista","Dica","Tipp","Conseil"
talent.hint.desc,"Показывает лучший ход: какие кости отложить и забирать ли. Решаете вы; выключается в настройках","Shows the best move: which dice to keep and whether to bank. You decide; can be turned off in settings","En iyi hamleyi gösterir: hangi zarlar ve puan alınsın mı. Karar sizin; ayarlardan kapatılır","Muestra la mejor jugada: qué dados guardar y si plantarse. Decides tú; se apaga en ajustes","Mostra a melhor jogada: quais dados guardar e se deve marcar. Você decide; desliga nas configurações","Zeigt den besten Zug: welche Würfel und ob du sicherst. Du entscheidest; in den Einstellungen abschaltbar","Montre le meilleur coup : quels dés garder et s'il faut encaisser. Vous décidez ; désactivable dans les réglages"
talent.run_hearts,"Живучесть","Toughness","Dayanıklı","Resistencia","Resistência","Zähigkeit","Robustesse"
talent.run_hearts.desc,"«Бесконечный забег»: +{0} сердце на старте (до +{1})","Endless Run: +{0} heart at the start (up to +{1})","Sonsuz Koşu: başlangıçta +{0} kalp (en fazla +{1})","Carrera infinita: +{0} corazón al inicio (hasta +{1})","Corrida infinita: +{0} coração no início (até +{1})","Endloser Lauf: +{0} Herz zu Beginn (bis +{1})","Course infinie : +{0} cœur au départ (jusqu'à +{1})"
talent.tower_hearts,"Стойкость","Endurance","Sebat","Tenacidad","Persistência","Standhaftigkeit","Ténacité"
talent.tower_hearts.desc,"Башня: +{0} сердце на попытку (до +{1})","Tower: +{0} heart per attempt (up to +{1})","Kule: deneme başına +{0} kalp (en fazla +{1})","Torre: +{0} corazón por intento (hasta +{1})","Torre: +{0} coração por tentativa (até +{1})","Turm: +{0} Herz pro Versuch (bis +{1})","Tour : +{0} cœur par tentative (jusqu'à +{1})"
talent.run_offers,"Широкий выбор","Wide choice","Geniş seçim","Más opciones","Mais opções","Große Auswahl","Grand choix"
talent.run_offers.desc,"«Бесконечный забег»: +{0} находка на выбор","Endless Run: +{0} find to choose from","Sonsuz Koşu: seçim için +{0} buluntu","Carrera infinita: +{0} hallazgo para elegir","Corrida infinita: +{0} achado para escolher","Endloser Lauf: +{0} Fund zur Auswahl","Course infinie : +{0} trouvaille au choix"
talent.run_reroll,"Удачная рука","Lucky hand","Şanslı el","Mano afortunada","Mão de sorte","Glückliche Hand","Main heureuse"
talent.run_reroll.desc,"«Бесконечный забег»: {0} бесплатная замена находок за забег (до {1})","Endless Run: {0} free swap of finds per run (up to {1})","Sonsuz Koşu: koşu başına {0} ücretsiz buluntu değişimi (en fazla {1})","Carrera infinita: {0} cambio de hallazgos gratis por carrera (hasta {1})","Corrida infinita: {0} troca de achados grátis por corrida (até {1})","Endloser Lauf: {0} kostenloser Fundtausch pro Lauf (bis {1})","Course infinie : {0} échange gratuit de trouvailles par course (jusqu'à {1})"
talent.tower_revive,"Второй шанс","Second chance","İkinci şans","Segunda oportunidad","Segunda chance","Zweite Chance","Seconde chance"
talent.tower_revive.desc,"Башня: продолжить без рекламы {0} раз за попытку","Tower: continue without an ad {0} time per attempt","Kule: deneme başına {0} kez reklamsız devam","Torre: continuar sin anuncio {0} vez por intento","Torre: continuar sem anúncio {0} vez por tentativa","Turm: {0}-mal pro Versuch ohne Werbung weiter","Tour : continuer sans pub {0} fois par tentative"
talent.veteran,"Ветеран","Veteran","Gazi","Veterano","Veterano","Veteran","Vétéran"
talent.veteran.desc,"«Бесконечный забег»: находка на выбор ещё до первого этажа","Endless Run: pick a find before the first floor","Sonsuz Koşu: ilk kattan önce buluntu seçimi","Carrera infinita: elige un hallazgo antes del primer piso","Corrida infinita: escolha um achado antes do primeiro andar","Endloser Lauf: Fundwahl schon vor der ersten Etage","Course infinie : une trouvaille au choix avant le premier étage"
talent.discount,"Свой человек","Regular customer","Müdavim","Cliente habitual","Cliente da casa","Stammkunde","Client fidèle"
talent.discount.desc,"Вещи за монеты дешевле на {0}% (до {1}%)","Items for coins {0}% cheaper (up to {1}%)","Altınla eşyalar %{0} daha ucuz (en fazla %{1})","Objetos por monedas un {0}% más baratos (hasta {1}%)","Itens por moedas {0}% mais baratos (até {1}%)","Münzsachen {0}% billiger (bis {1}%)","Objets en pièces {0} % moins chers (jusqu'à {1} %)"
talent.title,"Титул","Title","Unvan","Título","Título","Titel","Titre"
talent.title.desc,"Титул в профиле — по ветке, в которую вложено больше всего","A profile title from your strongest branch","En güçlü dalınıza göre profil unvanı","Título de perfil según tu rama más fuerte","Título no perfil pela sua ramificação mais forte","Profiltitel nach deinem stärksten Zweig","Titre de profil selon votre branche la plus forte"
talent.celebrate,"Праздник","Celebration","Kutlama","Celebración","Celebração","Feier","Fête"
talent.celebrate.desc,"Фонтаны искр над столом после победы","Fountains of sparks over the table after a win","Zaferden sonra masada kıvılcım çeşmeleri","Fuentes de chispas sobre la mesa tras ganar","Fontes de faíscas sobre a mesa após vencer","Funkenfontänen über dem Tisch nach dem Sieg","Fontaines d'étincelles sur la table après la victoire"
talent.decor,"Хозяин стола","Table host","Masa sahibi","Anfitrión","Anfitrião","Tischherr","Maître de table"
talent.decor.desc,"+{0} место для безделушки на столе (до +{1}). Скоро","+{0} trinket spot on the table (up to +{1}). Coming soon","Masada +{0} süs yeri (en fazla +{1}). Yakında","+{0} lugar para adornos (hasta +{1}). Pronto","+{0} lugar para enfeites (até +{1}). Em breve","+{0} Platz für Krimskrams (bis +{1}). Bald","+{0} place pour babiole (jusqu'à +{1}). Bientôt"
talent.patron,"Меценат","Patron","Hami","Mecenas","Mecenas","Mäzen","Mécène"
talent.patron.desc,"Ещё −{0}% на вещи за монеты","Another −{0}% off items for coins","Altınla eşyalarda ek −%{0}","Otro −{0}% en objetos por monedas","Mais −{0}% em itens por moedas","Weitere −{0}% auf Münzsachen","Encore −{0} % sur les objets en pièces"
settings.hintOn,"Подсказка хода: вкл","Move hint: on","Hamle ipucu: açık","Pista de jugada: sí","Dica de jogada: ligada","Zugtipp: an","Conseil de coup : oui"
settings.hintOff,"Подсказка хода: выкл","Move hint: off","Hamle ipucu: kapalı","Pista de jugada: no","Dica de jogada: desligada","Zugtipp: aus","Conseil de coup : non"
match.hintBestRoll,"Совет: отложите подсвеченные и бросайте дальше","Tip: keep the highlighted dice and roll on","İpucu: vurgulu zarları ayırıp atmaya devam edin","Consejo: guarda los dados resaltados y sigue tirando","Dica: guarde os dados destacados e continue","Tipp: markierte Würfel behalten und weiterwürfeln","Conseil : gardez les dés en surbrillance et relancez"
match.hintBestBank,"Совет: отложите подсвеченные и забирайте очки","Tip: keep the highlighted dice and bank","İpucu: vurgulu zarları ayırıp puanı alın","Consejo: guarda los dados resaltados y plántate","Dica: guarde os dados destacados e marque os pontos","Tipp: markierte Würfel behalten und sichern","Conseil : gardez les dés en surbrillance et encaissez"
run.perk.heart.desc,"+{0} сердце (станет {1})","+{0} heart (now {1})","+{0} kalp (olacak: {1})","+{0} corazón (tendrás {1})","+{0} coração (ficará {1})","+{0} Herz (dann {1})","+{0} cœur (total {1})"
run.perk.combo.desc,"Очки за {1}: ×{0}","Points for {1}: ×{0}","{1} puanı: ×{0}","Puntos por {1}: ×{0}","Pontos por {1}: ×{0}","Punkte für {1}: ×{0}","Points pour {1} : ×{0}"
run.perk.die.desc,"Особая кость «{0}» в свободный слот","Special die «{0}» into a free slot","Boş yuvaya özel zar «{0}»","Dado especial «{0}» en un hueco libre","Dado especial «{0}» num espaço livre","Spezialwürfel „{0}“ in einen freien Platz","Dé spécial « {0} » dans un emplacement libre"
run.perk.loaded,"Гружёная кость","Loaded die","Hileli zar","Dado cargado","Dado viciado","Gezinkter Würfel","Dé pipé"
run.perk.loaded.desc,"«{0}» — ступень {1} из {2}. Следующий раз — ещё надёжнее","«{0}» — step {1} of {2}. Next time it gets even surer","«{0}» — {2} aşamadan {1}. Sonraki daha da sağlam","«{0}» — nivel {1} de {2}. La próxima, aún más segura","«{0}» — nível {1} de {2}. Da próxima, ainda mais certeira","„{0}“ — Stufe {1} von {2}. Beim nächsten Mal noch sicherer","« {0} » — palier {1} sur {2}. La prochaine fois, encore plus sûr"
run.perk.shield,"Щит","Shield","Kalkan","Escudo","Escudo","Schild","Bouclier"
run.perk.shield.desc,"+{0} щит (станет {1}): проигрыш не отнимет сердце","+{0} shield (now {1}): a loss won't cost a heart","+{0} kalkan (olacak: {1}): yenilgi kalp götürmez","+{0} escudo (tendrás {1}): perder no quita corazón","+{0} escudo (ficará {1}): perder não tira coração","+{0} Schild (dann {1}): eine Niederlage kostet kein Herz","+{0} bouclier (total {1}) : une défaite ne coûte pas de cœur"
run.perk.head_start,"Фора","Head start","Avans","Ventaja","Vantagem","Vorsprung","Avance"
run.perk.head_start.desc,"Каждая партия начинается с {0} очков на счету","Every match starts with {0} points","Her maç {0} puanla başlar","Cada partida empieza con {0} puntos","Cada partida começa com {0} pontos","Jede Partie beginnt mit {0} Punkten","Chaque partie commence avec {0} points"
run.perk.insurance,"Страховка","Insurance","Sigorta","Seguro","Seguro","Versicherung","Assurance"
run.perk.insurance.desc,"При Зонке на счету остаётся {0}% очков хода","On a Zonk you keep {0}% of the turn's points","Zonk olunca tur puanının %{0}'i kalır","Con un Zonk conservas el {0}% de los puntos del turno","Num Zonk você mantém {0}% dos pontos do turno","Bei einem Zonk bleiben {0}% der Zugpunkte","Sur un Zonk, vous gardez {0} % des points du tour"
run.perk.relief,"Облегчение","Relief","Kolaylık","Alivio","Alívio","Erleichterung","Soulagement"
run.perk.relief.desc,"Цель этажей ниже на {0}%","Floor targets {0}% lower","Kat hedefleri %{0} daha düşük","Objetivo de los pisos un {0}% menor","Meta dos andares {0}% menor","Etagenziel {0}% niedriger","Objectif des étages {0} % plus bas"
run.perk.hot_hand,"Горячая рука","Hot hand","Sıcak el","Mano caliente","Mão quente","Heiße Hand","Main chaude"
run.perk.hot_hand.desc,"Горячие кости: ещё +{0}% очков за последнюю комбинацию","Hot dice: +{0}% for the combination that made them","Sıcak zar: onu getiren kombinasyona +%{0}","Dados calientes: +{0}% por la combinación que los dio","Dados quentes: +{0}% pela combinação que os trouxe","Heiße Würfel: +{0}% für die Kombination, die sie brachte","Dés brûlants : +{0} % pour la combinaison qui les a donnés"
run.perk.big_turn,"Длинный ход","Long turn","Uzun tur","Turno largo","Turno longo","Langer Zug","Long tour"
run.perk.big_turn.desc,"Забрал за ход от {1} очков — ещё +{0}%","Bank {1}+ in a turn — get +{0}% more","Bir turda {1}+ puan al — +%{0} daha","Anota {1}+ en un turno: +{0}% extra","Marque {1}+ num turno: +{0}% a mais","{1}+ Punkte in einem Zug — +{0}% obendrauf","{1}+ points en un tour : +{0} % en plus"
run.perk.single_one,"Любитель единиц","Ones lover","Bir sever","Amante de unos","Amante dos uns","Einsen-Fan","Amateur d'as"
run.perk.single_one.desc,"Одиночная {1}: очки ×{0}","A single {1} scores ×{0}","Tek başına {1}: puan ×{0}","Un {1} suelto vale ×{0}","Um {1} avulso vale ×{0}","Eine einzelne {1} zählt ×{0}","Un {1} isolé vaut ×{0}"
run.perk.single_five,"Любитель пятёрок","Fives lover","Beş sever","Amante de cincos","Amante dos cincos","Fünfen-Fan","Amateur de cinq"
run.perk.single_five.desc,"Одиночная {1}: очки ×{0}","A single {1} scores ×{0}","Tek başına {1}: puan ×{0}","Un {1} suelto vale ×{0}","Um {1} avulso vale ×{0}","Eine einzelne {1} zählt ×{0}","Un {1} isolé vaut ×{0}"
run.perk.zonk_save,"Спасение от Зонка","Zonk save","Zonk kurtarıcı","Salvavidas de Zonk","Salva-Zonk","Zonk-Retter","Sauve-Zonk"
run.perk.zonk_save.desc,"+{0} заряд (всего {1}): Зонк не заканчивает ход — сгорает заряд, бросок заново","+{0} charge (total {1}): a Zonk doesn't end the turn — a charge burns, roll again","+{0} şarj (toplam {1}): Zonk turu bitirmez — şarj yanar, yeniden at","+{0} carga (total {1}): un Zonk no acaba el turno — se gasta una carga y tiras otra vez","+{0} carga (total {1}): um Zonk não acaba o turno — gasta uma carga e você joga de novo","+{0} Ladung (insgesamt {1}): ein Zonk beendet den Zug nicht — eine Ladung verbrennt, neu würfeln","+{0} charge (total {1}) : un Zonk ne finit pas le tour — une charge brûle, on relance"
run.perk.lucky_charm,"Талисман","Lucky charm","Tılsım","Amuleto","Amuleto","Glücksbringer","Porte-bonheur"
run.perk.lucky_charm.desc,"В каждой партии {0} бесплатный заряд спасения от Зонка","Every match: {0} free Zonk save","Her maçta {0} ücretsiz Zonk kurtarıcı","Cada partida: {0} salvavidas de Zonk gratis","Cada partida: {0} salva-Zonk grátis","Jede Partie: {0} gratis Zonk-Retter","Chaque partie : {0} sauve-Zonk gratuit"
run.perk.second_wind,"Второе дыхание","Second wind","İkinci nefes","Segundo aliento","Segundo fôlego","Zweiter Atem","Second souffle"
run.perk.second_wind.desc,"Когда сердца кончатся, одно вернётся (один раз за забег)","When hearts run out, one comes back (once per run)","Kalpler bitince biri geri gelir (koşu başına bir kez)","Cuando se acaben los corazones, vuelve uno (una vez por carrera)","Quando os corações acabarem, um volta (uma vez por corrida)","Wenn die Herzen ausgehen, kommt eins zurück (einmal pro Lauf)","Quand les cœurs s'épuisent, un revient (une fois par course)"
run.perk.golden_vein,"Золотая жила","Golden vein","Altın damar","Veta de oro","Veio de ouro","Goldader","Filon d'or"
run.perk.golden_vein.desc,"Монеты за этажи ×{0}","Coins for floors ×{0}","Kat altını ×{0}","Monedas por piso ×{0}","Moedas por andar ×{0}","Münzen pro Etage ×{0}","Pièces par étage ×{0}"
run.perk.token_purse,"Кошель жетонов","Token purse","Jeton kesesi","Bolsa de fichas","Bolsa de fichas","Markenbeutel","Bourse de jetons"
run.perk.token_purse.desc,"+{0} жетонов для лавки","+{0} tokens for the shop","Dükkan için +{0} jeton","+{0} fichas para la tienda","+{0} fichas para a loja","+{0} Marken für den Laden","+{0} jetons pour la boutique"
run.perk.token_hunter,"Охотник за жетонами","Token hunter","Jeton avcısı","Cazafichas","Caçador de fichas","Markenjäger","Chasseur de jetons"
run.perk.token_hunter.desc,"Жетоны за этажи ×{0}","Tokens for floors ×{0}","Kat jetonları ×{0}","Fichas por piso ×{0}","Fichas por andar ×{0}","Marken pro Etage ×{0}","Jetons par étage ×{0}"
run.perk.wider_choice,"Широкий выбор","Wider choice","Geniş seçim","Más opciones","Mais opções","Größere Auswahl","Choix élargi"
run.perk.wider_choice.desc,"Находок на выбор: {0}","Finds to choose from: {0}","Seçilecek buluntu: {0}","Hallazgos para elegir: {0}","Achados para escolher: {0}","Funde zur Auswahl: {0}","Trouvailles au choix : {0}"
run.perk.veteran,"Ветеран","Veteran","Gazi","Veterano","Veterano","Veteran","Vétéran"
run.perk.veteran.desc,"+1 сердце, +1 щит, +1 заряд спасения","+1 heart, +1 shield, +1 Zonk save","+1 kalp, +1 kalkan, +1 Zonk kurtarıcı","+1 corazón, +1 escudo, +1 salvavidas","+1 coração, +1 escudo, +1 salva-Zonk","+1 Herz, +1 Schild, +1 Zonk-Retter","+1 cœur, +1 bouclier, +1 sauve-Zonk"
run.tactic.risky,"рисковая","risky","riskli","arriesgada","arriscada","riskant","risquée"
run.tactic.careful,"осторожная","careful","temkinli","prudente","cautelosa","vorsichtig","prudente"
run.tactic.dice,"костяная","dice","zar","dados","dados","Würfel","dés"
run.tactic.lucky,"удачливая","lucky","şanslı","suerte","sorte","Glück","chance"
run.choosePath,"Куда дальше? Этаж {0}","Where next? Floor {0}","Nereye? Kat {0}","¿Adónde ahora? Piso {0}","Para onde? Andar {0}","Wohin jetzt? Etage {0}","Où aller ? Étage {0}"
run.path.normal,"Обычный соперник","Regular opponent","Sıradan rakip","Rival normal","Rival comum","Normaler Gegner","Adversaire normal"
run.path.normal.desc,"Как обычно","As usual","Her zamanki gibi","Como siempre","Como sempre","Wie gewohnt","Comme d'habitude"
run.path.elite,"Сильный соперник","Tough opponent","Güçlü rakip","Rival fuerte","Rival forte","Starker Gegner","Adversaire coriace"
run.path.elite.desc,"Труднее, зато редкая находка, больше монет и жетонов","Harder, but a rare find, more coins and tokens","Daha zor ama nadir buluntu, daha çok altın ve jeton","Más difícil, pero hallazgo raro y más monedas y fichas","Mais difícil, mas achado raro e mais moedas e fichas","Schwerer, dafür seltener Fund, mehr Münzen und Marken","Plus dur, mais trouvaille rare, plus de pièces et de jetons"
run.path.rest,"Привал","Rest","Mola","Descanso","Descanso","Rast","Halte"
run.path.rest.desc,"+1 сердце (станет {0}), дальше обычный соперник","+1 heart (now {0}), then a regular opponent","+1 kalp (olacak: {0}), sonra sıradan rakip","+1 corazón (tendrás {0}), luego rival normal","+1 coração (ficará {0}), depois rival comum","+1 Herz (dann {0}), danach normaler Gegner","+1 cœur (total {0}), puis adversaire normal"
run.path.shop,"Лавка","Shop","Dükkan","Tienda","Loja","Laden","Boutique"
run.path.shop.desc,"Купить находки за жетоны (у вас {0})","Buy finds for tokens (you have {0})","Jetonla buluntu al ({0} jetonun var)","Compra hallazgos con fichas (tienes {0})","Compre achados com fichas (você tem {0})","Funde für Marken kaufen (du hast {0})","Acheter des trouvailles avec des jetons ({0})"
run.shop,"Лавка","Shop","Dükkan","Tienda","Loja","Laden","Boutique"
run.tokens,"Жетонов: {0}","Tokens: {0}","Jeton: {0}","Fichas: {0}","Fichas: {0}","Marken: {0}","Jetons : {0}"
run.price,"Цена: {0} жетонов","Price: {0} tokens","Fiyat: {0} jeton","Precio: {0} fichas","Preço: {0} fichas","Preis: {0} Marken","Prix : {0} jetons"
run.leaveShop,"Уйти","Leave","Ayrıl","Salir","Sair","Gehen","Partir"
run.chooseStartPerk,"Стартовая находка","Starting find","Başlangıç buluntusu","Hallazgo inicial","Achado inicial","Startfund","Trouvaille de départ"
run.rerollFree,"Поменять даром ({0})","Reroll for free ({0})","Ücretsiz değiştir ({0})","Cambiar gratis ({0})","Trocar grátis ({0})","Gratis tauschen ({0})","Changer gratuitement ({0})"
run.rerollAd,"Поменять за рекламу","Reroll for an ad","Reklamla değiştir","Cambiar por un anuncio","Trocar por um anúncio","Für Werbung tauschen","Changer contre une pub"
run.extraAd,"Взять ещё одну за рекламу","Take one more for an ad","Reklamla bir tane daha al","Coger otra por un anuncio","Pegar mais um por um anúncio","Noch einen für Werbung nehmen","En prendre une de plus contre une pub"
run.stacked,"Уже взято: ×{0}","Already taken: ×{0}","Zaten alındı: ×{0}","Ya tienes: ×{0}","Já tem: ×{0}","Schon genommen: ×{0}","Déjà pris : ×{0}"
run.status,"Сердца: {0} · Щиты: {1} · Спасения: {2} · Жетоны: {3}","Hearts: {0} · Shields: {1} · Saves: {2} · Tokens: {3}","Kalp: {0} · Kalkan: {1} · Kurtarıcı: {2} · Jeton: {3}","Corazones: {0} · Escudos: {1} · Salvavidas: {2} · Fichas: {3}","Corações: {0} · Escudos: {1} · Salva-Zonk: {2} · Fichas: {3}","Herzen: {0} · Schilde: {1} · Retter: {2} · Marken: {3}","Cœurs : {0} · Boucliers : {1} · Sauve-Zonk : {2} · Jetons : {3}"
run.eliteFloor,"Сильный соперник: враг крепче, награда больше","Tough opponent: stronger enemy, bigger reward","Güçlü rakip: düşman daha sert, ödül daha büyük","Rival fuerte: enemigo más duro, mayor premio","Rival forte: inimigo mais duro, prêmio maior","Starker Gegner: zäher, dafür mehr Belohnung","Adversaire coriace : plus fort, plus de récompense"
run.headStart,"Фора: {0} очков","Head start: {0} points","Avans: {0} puan","Ventaja: {0} puntos","Vantagem: {0} pontos","Vorsprung: {0} Punkte","Avance : {0} points"
run.shielded,"Щит принял удар! Сердце цело (щитов: {0})","The shield took the hit! Heart kept (shields: {0})","Kalkan darbeyi aldı! Kalp duruyor (kalkan: {0})","¡El escudo aguantó! Corazón a salvo (escudos: {0})","O escudo segurou! Coração salvo (escudos: {0})","Der Schild hielt! Herz bleibt (Schilde: {0})","Le bouclier a encaissé ! Cœur sauvé (boucliers : {0})"
run.secondWind,"Второе дыхание! Одно сердце вернулось","Second wind! One heart is back","İkinci nefes! Bir kalp geri döndü","¡Segundo aliento! Vuelve un corazón","Segundo fôlego! Um coração voltou","Zweiter Atem! Ein Herz ist zurück","Second souffle ! Un cœur revient"
run.tokensGained,"+{0} жетонов (всего {1})","+{0} tokens (total {1})","+{0} jeton (toplam {1})","+{0} fichas (total {1})","+{0} fichas (total {1})","+{0} Marken (insgesamt {1})","+{0} jetons (total {1})"
run.milestoneDouble,"Удвоить награду рубежа ({0}) за рекламу?","Double the milestone reward ({0}) for an ad?","Dönüm noktası ödülünü ({0}) reklamla ikiye katla?","¿Duplicar el premio del hito ({0}) por un anuncio?","Dobrar o prêmio do marco ({0}) por um anúncio?","Meilensteinbelohnung ({0}) für Werbung verdoppeln?","Doubler la récompense du palier ({0}) contre une pub ?"
match.zonkSaved,"Зонк! Спасение сгорело — бросайте снова (осталось {0})","Zonk! A save burned — roll again ({0} left)","Zonk! Kurtarıcı yandı — yeniden at ({0} kaldı)","¡Zonk! Se gastó un salvavidas: tira otra vez (quedan {0})","Zonk! Gastou um salva-Zonk: jogue de novo (restam {0})","Zonk! Ein Retter verbrannt — nochmal würfeln (noch {0})","Zonk ! Un sauve-Zonk brûle — relancez (reste {0})"
rule.insurance,"При Зонке остаётся {0}% очков хода","On a Zonk {0}% of the turn's points stay","Zonk olunca tur puanının %{0}'i kalır","Con un Zonk queda el {0}% de los puntos del turno","Num Zonk ficam {0}% dos pontos do turno","Bei einem Zonk bleiben {0}% der Zugpunkte","Sur un Zonk, {0} % des points du tour restent"
rule.hotDiceBonus,"Горячие кости: +{0}% за последнюю комбинацию","Hot dice: +{0}% for the last combination","Sıcak zar: son kombinasyona +%{0}","Dados calientes: +{0}% por la última combinación","Dados quentes: +{0}% pela última combinação","Heiße Würfel: +{0}% für die letzte Kombination","Dés brûlants : +{0} % pour la dernière combinaison"
rule.bigTurnBonus,"Ход от {1} очков: +{0}%","Turn of {1}+ points: +{0}%","{1}+ puanlık tur: +%{0}","Turno de {1}+ puntos: +{0}%","Turno de {1}+ pontos: +{0}%","Zug ab {1} Punkten: +{0}%","Tour de {1}+ points : +{0} %"
die.loaded15,"Гружёная: 1 или 5","Loaded: 1 or 5","Hileli: 1 ya da 5","Cargado: 1 o 5","Viciado: 1 ou 5","Gezinkt: 1 oder 5","Pipé : 1 ou 5"
die.loaded15.desc,"Всегда выпадает 1 или 5 (только в забеге)","Always rolls 1 or 5 (run only)","Hep 1 ya da 5 gelir (sadece koşuda)","Siempre sale 1 o 5 (solo en la carrera)","Sempre sai 1 ou 5 (só na corrida)","Zeigt immer 1 oder 5 (nur im Lauf)","Fait toujours 1 ou 5 (course seulement)"
die.loaded5,"Гружёная: всегда 5","Loaded: always 5","Hileli: hep 5","Cargado: siempre 5","Viciado: sempre 5","Gezinkt: immer 5","Pipé : toujours 5"
die.loaded5.desc,"Всегда выпадает 5 (только в забеге)","Always rolls 5 (run only)","Hep 5 gelir (sadece koşuda)","Siempre sale 5 (solo en la carrera)","Sempre sai 5 (só na corrida)","Zeigt immer 5 (nur im Lauf)","Fait toujours 5 (course seulement)"
die.loaded1,"Гружёная: всегда 1","Loaded: always 1","Hileli: hep 1","Cargado: siempre 1","Viciado: sempre 1","Gezinkt: immer 1","Pipé : toujours 1"
die.loaded1.desc,"Всегда выпадает 1 (только в забеге)","Always rolls 1 (run only)","Hep 1 gelir (sadece koşuda)","Siempre sale 1 (solo en la carrera)","Sempre sai 1 (só na corrida)","Zeigt immer 1 (nur im Lauf)","Fait toujours 1 (course seulement)"
hint.runOnly,"Только находка «Бесконечного забега»","Only an Endless Run find","Sadece Sonsuz Koşu buluntusu","Solo hallazgo de la Carrera infinita","Só achado da Corrida infinita","Nur ein Fund im Endlosen Lauf","Seulement une trouvaille de la course infinie"
tower.freeRevive,"Талант: продолжение без рекламы!","Talent: continue without an ad!","Yetenek: reklamsız devam!","Talento: ¡sigue sin anuncio!","Talento: continue sem anúncio!","Talent: weiter ohne Werbung!","Talent : on continue sans pub !"
